gene_id	gene_name	robust_coding_transcripts	distinct_protein_ids	distinct_amino_acid_sequences	min_protein_length_aa	max_protein_length_aa	max_abs_tpm_delta_usage	multiple_distinct_protein_sequences
ENSG00000159216.19	RUNX1	2	2	2	250	453	0.521177592874625	True
ENSG00000178607.16	ERN1	2	2	2	70	977	0.511918821165407	True
ENSG00000151422.13	FER	3	3	3	163	822	0.510710674570809	True
ENSG00000120616.16	EPC1	2	2	2	57	813	0.465718943556828	True
ENSG00000213064.10	SFT2D2	2	2	2	108	160	0.419861017997719	True
ENSG00000112242.15	E2F3	2	2	2	334	465	0.39044565719422	True
ENSG00000158711.14	ELK4	2	2	2	405	431	0.376582315053802	True
ENSG00000067992.16	PDK3	2	2	2	406	415	0.363664214645893	True
ENSG00000169057.24	MECP2	2	2	2	172	486	0.346118859168713	True
ENSG00000108256.9	NUFIP2	2	2	2	120	695	0.310989783875733	True
ENSG00000138685.16	FGF2	2	2	2	155	288	0.245105083118971	True
ENSG00000137331.12	IER3	2	2	2	138	156	0.114176083588039	True
ENSG00000261609.8	GAN	1	1	1	597	597	0.578651734814819	False
ENSG00000136603.14	SKIL	1	1	1	684	684	0.547316214164563	False
ENSG00000137075.18	RNF38	1	1	1	432	432	0.507301584611572	False
ENSG00000217128.12	FNIP1	1	1	1	1166	1166	0.466774354393126	False
ENSG00000115363.14	EVA1A	2	2	1	152	152	0.456408615682785	False
ENSG00000113441.16	LNPEP	1	1	1	1025	1025	0.419753096692828	False
ENSG00000173041.12	ZNF680	1	1	1	530	530	0.383908704051216	False
ENSG00000228696.10	ARL17B	1	1	1	181	181	0.382995130049001	False
ENSG00000173575.22	CHD2	1	1	1	45	45	0.356338579947683	False
ENSG00000196757.8	ZNF700	1	1	1	724	724	0.339944947699953	False
ENSG00000185022.12	MAFF	1	1	1	164	164	0.335796650834742	False
ENSG00000094916.16	CBX5	1	1	1	191	191	0.335012111891346	False
ENSG00000197976.12_PAR_Y	AKAP17A	1	1	1	446	446	0.327601982597396	False
ENSG00000163960.12	UBXN7	1	1	1	489	489	0.323355313530211	False
ENSG00000113448.19	PDE4D	1	1	1	678	678	0.32204264494465	False
ENSG00000160131.13	VMA21	1	1	1	101	101	0.32032337199657	False
ENSG00000161010.15	MRNIP	1	1	1	229	229	0.30880543143561	False
ENSG00000179029.15	TMEM107	1	1	1	140	140	0.300965806812838	False
ENSG00000117569.19	PTBP2	1	1	1	536	536	0.298672325077639	False
ENSG00000126822.17	PLEKHG3	1	1	1	724	724	0.295978012203114	False
ENSG00000136244.12	IL6	1	1	1	152	152	0.291508875487584	False
ENSG00000047644.19	WWC3	1	1	1	1092	1092	0.284776863285334	False
ENSG00000119408.17	NEK6	1	1	1	313	313	0.27813724933666	False
ENSG00000197183.14	NOL4L	1	1	1	123	123	0.275986639527796	False
ENSG00000139163.16	ETNK1	1	1	1	363	363	0.273964625796437	False
ENSG00000171174.15	RBKS	1	1	1	322	322	0.270772700909285	False
ENSG00000089006.16	SNX5	1	1	1	126	126	0.270456507601841	False
ENSG00000111678.11	C12orf57	1	1	1	126	126	0.266116337080785	False
ENSG00000100596.7	SPTLC2	1	1	1	407	407	0.265096708487763	False
ENSG00000124574.15	ABCC10	1	1	1	129	129	0.263717275966411	False
ENSG00000184992.13	BRI3BP	1	1	1	251	251	0.257061169081216	False
ENSG00000089335.21	ZNF302	1	1	1	399	399	0.250815329612943	False
ENSG00000186166.9	CCDC84	1	1	1	332	332	0.247002128371595	False
ENSG00000130066.16	SAT1	1	1	1	171	171	0.243622177474819	False
ENSG00000196422.11	PPP1R26	1	1	1	1209	1209	0.242456253805335	False
ENSG00000134287.10	ARF3	1	1	1	181	181	0.241685247590867	False
ENSG00000160888.7	IER2	2	2	1	223	223	0.241450091974387	False
ENSG00000136485.15	DCAF7	1	1	1	342	342	0.241121419657077	False
ENSG00000175548.9	ALG10B	1	1	1	473	473	0.237925023926349	False
ENSG00000087266.17	SH3BP2	1	1	1	618	618	0.236902542963116	False
ENSG00000082701.16	GSK3B	1	1	1	420	420	0.236074283481426	False
ENSG00000204152.13	TIMM23B	1	1	1	188	188	0.235183603071822	False
ENSG00000213096.11	ZNF254	1	1	1	659	659	0.232071897310259	False
ENSG00000177721.4	ANXA2R	2	2	1	193	193	0.226059763128862	False
ENSG00000167515.10	TRAPPC2L	1	1	1	75	75	0.225517347083905	False
ENSG00000171865.10	RNASEH1	1	1	1	286	286	0.22364979656377	False
ENSG00000167470.12	MIDN	1	1	1	468	468	0.214877404036396	False
ENSG00000104765.16	BNIP3L	1	1	1	179	179	0.209893875373311	False
ENSG00000157837.16	SPPL3	1	1	1	164	164	0.209227215511429	False
ENSG00000184708.18	EIF4ENIF1	1	1	1	188	188	0.201077770222457	False
ENSG00000224531.6	SMIM13	1	1	1	91	91	0.200461650510634	False
ENSG00000221838.10	AP4M1	1	1	1	453	453	0.200101752587092	False
ENSG00000241878.11	PISD	1	1	1	375	375	0.199028706377674	False
ENSG00000197444.10	OGDHL	1	1	1	801	801	0.199008400163947	False
ENSG00000083799.18	CYLD	1	1	1	953	953	0.198804557593742	False
ENSG00000122877.16	EGR2	1	1	1	139	139	0.197661038706907	False
ENSG00000188486.3	H2AX	1	1	1	143	143	0.197094907154837	False
ENSG00000165449.11	SLC16A9	2	2	1	509	509	0.196810622561391	False
ENSG00000181315.11	ZNF322	1	1	1	402	402	0.195114259868702	False
ENSG00000116747.13	RO60	1	1	1	538	538	0.194375039925905	False
ENSG00000102934.10	PLLP	1	1	1	182	182	0.191742749936959	False
ENSG00000003249.14	DBNDD1	1	1	1	76	76	0.191422254201294	False
ENSG00000102471.14	NDFIP2	1	1	1	222	222	0.186991655406275	False
ENSG00000143772.9	ITPKB	1	1	1	946	946	0.180843302953766	False
ENSG00000196235.14	SUPT5H	1	1	1	1087	1087	0.177193768068215	False
ENSG00000100811.14	YY1	1	1	1	190	190	0.167167387731134	False
ENSG00000141337.12	ARSG	1	1	1	28	28	0.163453659382057	False
ENSG00000123685.9	BATF3	1	1	1	127	127	0.163379878554194	False
ENSG00000153879.9	CEBPG	1	1	1	150	150	0.16110404263818	False
ENSG00000109680.11	TBC1D19	1	1	1	461	461	0.160505493300087	False
ENSG00000171606.18	ZNF274	1	1	1	611	611	0.159194956734972	False
ENSG00000102531.16	FNDC3A	1	1	1	1142	1142	0.152424969542902	False
ENSG00000160948.14	VPS28	1	1	1	221	221	0.148330073380945	False
ENSG00000186187.12	ZNRF1	1	1	1	209	209	0.145800534354882	False
ENSG00000121281.13	ADCY7	1	1	1	1080	1080	0.14479980305236	False
ENSG00000242265.5	PEG10	1	1	1	325	325	0.13037696709101	False
ENSG00000213995.11	NAXD	1	1	1	237	237	0.127861417189137	False
ENSG00000101868.12	POLA1	1	1	1	1462	1462	0.120894973418588	False
ENSG00000158050.5	DUSP2	1	1	1	314	314	0.11743189081915	False
ENSG00000188725.8	SMIM15	2	2	1	74	74	0.102252538734553	False
ENSG00000075643.6	MOCOS	1	1	1	888	888	0.0484295928637636	False
