gene_id	gene_name	robust_protein_coding_transcripts	distinct_protein_ids	max_abs_tpm_delta_usage	multiple_distinct_protein_products
ENSG00000159216.19	RUNX1	2	2	0.521177592874625	True
ENSG00000178607.16	ERN1	2	2	0.511918821165407	True
ENSG00000151422.13	FER	3	3	0.510710674570809	True
ENSG00000120616.16	EPC1	2	2	0.465718943556828	True
ENSG00000115363.14	EVA1A	2	2	0.456408615682785	True
ENSG00000213064.10	SFT2D2	2	2	0.419861017997719	True
ENSG00000112242.15	E2F3	2	2	0.39044565719422	True
ENSG00000158711.14	ELK4	2	2	0.376582315053802	True
ENSG00000067992.16	PDK3	2	2	0.363664214645893	True
ENSG00000169057.24	MECP2	2	2	0.346118859168713	True
ENSG00000108256.9	NUFIP2	2	2	0.310989783875733	True
ENSG00000138685.16	FGF2	2	2	0.245105083118971	True
ENSG00000160888.7	IER2	2	2	0.241450091974387	True
ENSG00000177721.4	ANXA2R	2	2	0.226059763128862	True
ENSG00000165449.11	SLC16A9	2	2	0.196810622561391	True
ENSG00000137331.12	IER3	2	2	0.114176083588039	True
ENSG00000188725.8	SMIM15	2	2	0.102252538734553	True
ENSG00000261609.8	GAN	1	1	0.578651734814819	False
ENSG00000136603.14	SKIL	1	1	0.547316214164563	False
ENSG00000137075.18	RNF38	1	1	0.507301584611572	False
ENSG00000217128.12	FNIP1	1	1	0.466774354393126	False
ENSG00000113441.16	LNPEP	1	1	0.419753096692828	False
ENSG00000173041.12	ZNF680	1	1	0.383908704051216	False
ENSG00000228696.10	ARL17B	1	1	0.382995130049001	False
ENSG00000173575.22	CHD2	1	1	0.356338579947683	False
ENSG00000196757.8	ZNF700	1	1	0.339944947699953	False
ENSG00000185022.12	MAFF	1	1	0.335796650834742	False
ENSG00000094916.16	CBX5	1	1	0.335012111891346	False
ENSG00000197976.12_PAR_Y	AKAP17A	1	1	0.327601982597396	False
ENSG00000163960.12	UBXN7	1	1	0.323355313530211	False
ENSG00000113448.19	PDE4D	1	1	0.32204264494465	False
ENSG00000160131.13	VMA21	1	1	0.32032337199657	False
ENSG00000161010.15	MRNIP	1	1	0.30880543143561	False
ENSG00000179029.15	TMEM107	1	1	0.300965806812838	False
ENSG00000117569.19	PTBP2	1	1	0.298672325077639	False
ENSG00000126822.17	PLEKHG3	1	1	0.295978012203114	False
ENSG00000136244.12	IL6	1	1	0.291508875487584	False
ENSG00000047644.19	WWC3	1	1	0.284776863285334	False
ENSG00000119408.17	NEK6	1	1	0.27813724933666	False
ENSG00000197183.14	NOL4L	1	1	0.275986639527796	False
ENSG00000139163.16	ETNK1	1	1	0.273964625796437	False
ENSG00000171174.15	RBKS	1	1	0.270772700909285	False
ENSG00000089006.16	SNX5	1	1	0.270456507601841	False
ENSG00000111678.11	C12orf57	1	1	0.266116337080785	False
ENSG00000100596.7	SPTLC2	1	1	0.265096708487763	False
ENSG00000124574.15	ABCC10	1	1	0.263717275966411	False
ENSG00000184992.13	BRI3BP	1	1	0.257061169081216	False
ENSG00000089335.21	ZNF302	1	1	0.250815329612943	False
ENSG00000186166.9	CCDC84	1	1	0.247002128371595	False
ENSG00000130066.16	SAT1	1	1	0.243622177474819	False
ENSG00000196422.11	PPP1R26	1	1	0.242456253805335	False
ENSG00000134287.10	ARF3	1	1	0.241685247590867	False
ENSG00000136485.15	DCAF7	1	1	0.241121419657077	False
ENSG00000175548.9	ALG10B	1	1	0.237925023926349	False
ENSG00000087266.17	SH3BP2	1	1	0.236902542963116	False
ENSG00000082701.16	GSK3B	1	1	0.236074283481426	False
ENSG00000204152.13	TIMM23B	1	1	0.235183603071822	False
ENSG00000213096.11	ZNF254	1	1	0.232071897310259	False
ENSG00000167515.10	TRAPPC2L	1	1	0.225517347083905	False
ENSG00000171865.10	RNASEH1	1	1	0.22364979656377	False
ENSG00000167470.12	MIDN	1	1	0.214877404036396	False
ENSG00000104765.16	BNIP3L	1	1	0.209893875373311	False
ENSG00000157837.16	SPPL3	1	1	0.209227215511429	False
ENSG00000184708.18	EIF4ENIF1	1	1	0.201077770222457	False
ENSG00000224531.6	SMIM13	1	1	0.200461650510634	False
ENSG00000221838.10	AP4M1	1	1	0.200101752587092	False
ENSG00000241878.11	PISD	1	1	0.199028706377674	False
ENSG00000197444.10	OGDHL	1	1	0.199008400163947	False
ENSG00000083799.18	CYLD	1	1	0.198804557593742	False
ENSG00000122877.16	EGR2	1	1	0.197661038706907	False
ENSG00000188486.3	H2AX	1	1	0.197094907154837	False
ENSG00000181315.11	ZNF322	1	1	0.195114259868702	False
ENSG00000116747.13	RO60	1	1	0.194375039925905	False
ENSG00000102934.10	PLLP	1	1	0.191742749936959	False
ENSG00000003249.14	DBNDD1	1	1	0.191422254201294	False
ENSG00000102471.14	NDFIP2	1	1	0.186991655406275	False
ENSG00000143772.9	ITPKB	1	1	0.180843302953766	False
ENSG00000196235.14	SUPT5H	1	1	0.177193768068215	False
ENSG00000100811.14	YY1	1	1	0.167167387731134	False
ENSG00000141337.12	ARSG	1	1	0.163453659382057	False
ENSG00000123685.9	BATF3	1	1	0.163379878554194	False
ENSG00000153879.9	CEBPG	1	1	0.16110404263818	False
ENSG00000109680.11	TBC1D19	1	1	0.160505493300087	False
ENSG00000171606.18	ZNF274	1	1	0.159194956734972	False
ENSG00000102531.16	FNDC3A	1	1	0.152424969542902	False
ENSG00000160948.14	VPS28	1	1	0.148330073380945	False
ENSG00000186187.12	ZNRF1	1	1	0.145800534354882	False
ENSG00000121281.13	ADCY7	1	1	0.14479980305236	False
ENSG00000242265.5	PEG10	1	1	0.13037696709101	False
ENSG00000213995.11	NAXD	1	1	0.127861417189137	False
ENSG00000101868.12	POLA1	1	1	0.120894973418588	False
ENSG00000158050.5	DUSP2	1	1	0.11743189081915	False
ENSG00000075643.6	MOCOS	1	1	0.0484295928637636	False
