gene_name,transcript_id,transcript_name,transcript_type,protein_id,max_mean_TPM,mean_TPM_0,mean_TPM_12,mean_TPM_30,mean_TPM_60,usage_0,usage_12,usage_30,usage_60
SKIL,ENST00000259119.9,SKIL-201,protein_coding,ENSP00000259119.4,4.452378,4.452378,1.6484146666666666,1.4631336666666666,0.8145733333333333,0.7151905494918193,0.45068188586982866,0.23813791966007275,0.14317564221252335
SKIL,ENST00000465590.1,SKIL-205,processed_transcript,,2.0037263333333333,0.5645456666666667,0.9438006666666667,2.0037263333333333,1.8217666666666668,0.09068361346600821,0.2580381459470159,0.32612414809317186,0.32020764956054865
SKIL,ENST00000458537.7,SKIL-204,protein_coding,ENSP00000415243.3,1.3640443333333334,0.157257,0.10669000000000001,0.7177166666666667,1.3640443333333334,0.025260371029017528,0.02916939006656822,0.11681472294649901,0.23975486974533086
SKIL,ENST00000426052.6,SKIL-203,protein_coding,ENSP00000406520.2,1.0493816666666667,0.36325500000000005,0.51729,0.8310253333333334,1.0493816666666667,0.05835006440505519,0.1414287542181561,0.1352567086475935,0.18444735164140916
SKIL,ENST00000413427.6,SKIL-202,protein_coding,ENSP00000400193.2,0.5415943333333333,0.24095,0.19512699999999997,0.5415943333333333,0.228029,0.03870407294709789,0.05334835106869674,0.0881492585250361,0.04008012192650487
SKIL,ENST00000477216.1,SKIL-208,processed_transcript,,0.262377,0.172257,0.032704333333333335,0.262377,0.04823266666666667,0.027669838114331775,0.008941470202147054,0.0427041728108124,0.008477742571517075
SKIL,ENST00000476188.5,SKIL-207,protein_coding,ENSP00000417670.1,0.235077,0.0,0.10089333333333333,0.057014666666666665,0.235077,0.0,0.027584562706123247,0.009279640281290656,0.041318932338066584
SKIL,ENST00000490989.1,SKIL-210,processed_transcript,,0.16302333333333333,0.12504133333333334,0.06577366666666666,0.16302333333333333,0.12822433333333333,0.020085531798031613,0.017982732581389403,0.026533486543642695,0.022537690004099487
SKIL,ENST00000490894.1,SKIL-209,retained_intron,,0.12055266666666666,0.12055266666666666,0.0,0.0,0.0,0.019364512158679573,0.0,0.0,0.0
SKIL,ENST00000470571.1,SKIL-206,nonsense_mediated_decay,ENSP00000418237.1,0.10444866666666668,0.029206333333333334,0.04690766666666666,0.10444866666666668,0.0,0.004691446589958872,0.012824707340074603,0.01699994249188105,0.0
