run_id,output_file,sha256,status
baseline,results/suppa2/cross_method_supported_isoforms.csv,d4f049cfb03d5955191344569b259b66b33f0690a236b99244559490312a4cbf,identical
baseline,results/suppa2/method_concordance_summary.csv,81a25289d0bfe207a66fe1bf5596093b16cb6f012e4a12fb9b0922a8c3f34588,identical
baseline,results/suppa2/recurrent_isoform_dtu_candidates.csv,1730da12f754e18a7cb982235c72526662e0b7ed07ca07d8839408f81c4e5543,identical
baseline,results/suppa2/suppa2_candidate_summary.csv,270b69e92d222ec8eb643c97665f68f236a23f865715fbfbf5f472fc6af98112,identical
baseline,results/suppa2/suppa2_isoform_dtu_candidates.csv,96a50644e15eb4614bb8e650fed597c17e25022b36439008d62647df1208af51,identical
baseline,results/suppa2/suppa2_local_splicing_candidates.csv,708bab2af375433fefc11bb7ebcbca9447741dcc409fe90a6d5805f8f08d66c1,identical
repeat_1,results/suppa2/cross_method_supported_isoforms.csv,d4f049cfb03d5955191344569b259b66b33f0690a236b99244559490312a4cbf,identical
repeat_1,results/suppa2/method_concordance_summary.csv,81a25289d0bfe207a66fe1bf5596093b16cb6f012e4a12fb9b0922a8c3f34588,identical
repeat_1,results/suppa2/recurrent_isoform_dtu_candidates.csv,1730da12f754e18a7cb982235c72526662e0b7ed07ca07d8839408f81c4e5543,identical
repeat_1,results/suppa2/suppa2_candidate_summary.csv,270b69e92d222ec8eb643c97665f68f236a23f865715fbfbf5f472fc6af98112,identical
repeat_1,results/suppa2/suppa2_isoform_dtu_candidates.csv,96a50644e15eb4614bb8e650fed597c17e25022b36439008d62647df1208af51,identical
repeat_1,results/suppa2/suppa2_local_splicing_candidates.csv,708bab2af375433fefc11bb7ebcbca9447741dcc409fe90a6d5805f8f08d66c1,identical
repeat_2,results/suppa2/cross_method_supported_isoforms.csv,d4f049cfb03d5955191344569b259b66b33f0690a236b99244559490312a4cbf,identical
repeat_2,results/suppa2/method_concordance_summary.csv,81a25289d0bfe207a66fe1bf5596093b16cb6f012e4a12fb9b0922a8c3f34588,identical
repeat_2,results/suppa2/recurrent_isoform_dtu_candidates.csv,1730da12f754e18a7cb982235c72526662e0b7ed07ca07d8839408f81c4e5543,identical
repeat_2,results/suppa2/suppa2_candidate_summary.csv,270b69e92d222ec8eb643c97665f68f236a23f865715fbfbf5f472fc6af98112,identical
repeat_2,results/suppa2/suppa2_isoform_dtu_candidates.csv,96a50644e15eb4614bb8e650fed597c17e25022b36439008d62647df1208af51,identical
repeat_2,results/suppa2/suppa2_local_splicing_candidates.csv,708bab2af375433fefc11bb7ebcbca9447741dcc409fe90a6d5805f8f08d66c1,identical
repeat_3,results/suppa2/cross_method_supported_isoforms.csv,d4f049cfb03d5955191344569b259b66b33f0690a236b99244559490312a4cbf,identical
repeat_3,results/suppa2/method_concordance_summary.csv,81a25289d0bfe207a66fe1bf5596093b16cb6f012e4a12fb9b0922a8c3f34588,identical
repeat_3,results/suppa2/recurrent_isoform_dtu_candidates.csv,1730da12f754e18a7cb982235c72526662e0b7ed07ca07d8839408f81c4e5543,identical
repeat_3,results/suppa2/suppa2_candidate_summary.csv,270b69e92d222ec8eb643c97665f68f236a23f865715fbfbf5f472fc6af98112,identical
repeat_3,results/suppa2/suppa2_isoform_dtu_candidates.csv,96a50644e15eb4614bb8e650fed597c17e25022b36439008d62647df1208af51,identical
repeat_3,results/suppa2/suppa2_local_splicing_candidates.csv,708bab2af375433fefc11bb7ebcbca9447741dcc409fe90a6d5805f8f08d66c1,identical
