gene_name,transcript_name,transcript_id,time_min,condition,replicate,TPM,gene_total_TPM,usage
ZNF831,ZNF831-201,ENST00000371030.3,0,Control,1,7.023053,12.516894,0.5610859211558394
ZNF831,ZNF831-201,ENST00000371030.3,0,Control,2,5.075748,10.048514,0.5051242402607987
ZNF831,ZNF831-201,ENST00000371030.3,0,Control,3,5.226438,9.728098,0.5372517834421487
ZNF831,ZNF831-203,ENST00000637017.1,0,Control,1,5.493841,12.516894,0.4389140788441605
ZNF831,ZNF831-203,ENST00000637017.1,0,Control,2,4.972766,10.048514,0.4948757597392012
ZNF831,ZNF831-203,ENST00000637017.1,0,Control,3,4.50166,9.728098,0.46274821655785137
ZNF831,ZNF831-201,ENST00000371030.3,12,12 min,1,1.769101,5.045448,0.35063308550598477
ZNF831,ZNF831-201,ENST00000371030.3,12,12 min,2,0.629763,4.313387,0.14600197014550284
ZNF831,ZNF831-201,ENST00000371030.3,12,12 min,3,1.162464,4.133699,0.28121641174163864
ZNF831,ZNF831-203,ENST00000637017.1,12,12 min,1,3.276347,5.045448,0.6493669144940152
ZNF831,ZNF831-203,ENST00000637017.1,12,12 min,2,3.683624,4.313387,0.8539980298544972
ZNF831,ZNF831-203,ENST00000637017.1,12,12 min,3,2.971235,4.133699,0.7187835882583613
ZNF831,ZNF831-201,ENST00000371030.3,30,30 min,1,0.432886,5.228455,0.08279424801399266
ZNF831,ZNF831-201,ENST00000371030.3,30,30 min,2,0.987103,5.355436,0.1843179528240091
ZNF831,ZNF831-201,ENST00000371030.3,30,30 min,3,0.514926,4.623802,0.11136419768839581
ZNF831,ZNF831-203,ENST00000637017.1,30,30 min,1,4.795569,5.228455,0.9172057519860074
ZNF831,ZNF831-203,ENST00000637017.1,30,30 min,2,4.368333,5.355436,0.8156820471759908
ZNF831,ZNF831-203,ENST00000637017.1,30,30 min,3,4.108876,4.623802,0.8886358023116042
ZNF831,ZNF831-201,ENST00000371030.3,60,60 min,1,0.0,5.642634,0.0
ZNF831,ZNF831-201,ENST00000371030.3,60,60 min,2,0.0,4.507303,0.0
ZNF831,ZNF831-201,ENST00000371030.3,60,60 min,3,0.0,3.871473,0.0
ZNF831,ZNF831-203,ENST00000637017.1,60,60 min,1,5.642634,5.642634,1.0
ZNF831,ZNF831-203,ENST00000637017.1,60,60 min,2,4.507303,4.507303,1.0
ZNF831,ZNF831-203,ENST00000637017.1,60,60 min,3,3.871473,3.871473,1.0
RUNX1,RUNX1-202,ENST00000344691.8,0,Control,1,2.028179,2.567165,0.7900462182991744
RUNX1,RUNX1-202,ENST00000344691.8,0,Control,2,1.679695,2.610957,0.6433254166958705
RUNX1,RUNX1-202,ENST00000344691.8,0,Control,3,1.873942,2.222291,0.8432478014805442
RUNX1,RUNX1-203,ENST00000358356.9,0,Control,1,0.210377,2.567165,0.08194915402788679
RUNX1,RUNX1-203,ENST00000358356.9,0,Control,2,0.166906,2.610957,0.06392521975658734
RUNX1,RUNX1-203,ENST00000358356.9,0,Control,3,0.0,2.222291,0.0
RUNX1,RUNX1-202,ENST00000344691.8,12,12 min,1,0.834934,1.852932,0.45060153313775136
RUNX1,RUNX1-202,ENST00000344691.8,12,12 min,2,0.725151,1.8940070000000002,0.38286606121307887
RUNX1,RUNX1-202,ENST00000344691.8,12,12 min,3,0.797988,1.546088,0.516133622407004
RUNX1,RUNX1-203,ENST00000358356.9,12,12 min,1,0.514571,1.852932,0.2777063594346689
RUNX1,RUNX1-203,ENST00000358356.9,12,12 min,2,0.751927,1.8940070000000002,0.3970032845707539
RUNX1,RUNX1-203,ENST00000358356.9,12,12 min,3,0.340196,1.546088,0.2200366343959723
RUNX1,RUNX1-202,ENST00000344691.8,30,30 min,1,0.709538,2.1648899999999998,0.3277478301437949
RUNX1,RUNX1-202,ENST00000344691.8,30,30 min,2,0.973003,2.076409,0.46859891283461014
RUNX1,RUNX1-202,ENST00000344691.8,30,30 min,3,0.900879,1.638195,0.5499217126166298
RUNX1,RUNX1-203,ENST00000358356.9,30,30 min,1,0.955685,2.1648899999999998,0.44144737145998186
RUNX1,RUNX1-203,ENST00000358356.9,30,30 min,2,0.350723,2.076409,0.16890843759586865
RUNX1,RUNX1-203,ENST00000358356.9,30,30 min,3,0.554475,1.638195,0.33846703231300307
RUNX1,RUNX1-202,ENST00000344691.8,60,60 min,1,0.883406,2.3148880000000003,0.3816193267233663
RUNX1,RUNX1-202,ENST00000344691.8,60,60 min,2,0.670568,2.3300690000000004,0.2877889023887275
RUNX1,RUNX1-202,ENST00000344691.8,60,60 min,3,0.781619,2.4846440000000003,0.31457987542682164
RUNX1,RUNX1-203,ENST00000358356.9,60,60 min,1,1.069091,2.3148880000000003,0.46183271069701853
RUNX1,RUNX1-203,ENST00000358356.9,60,60 min,2,1.46591,2.3300690000000004,0.6291272919385649
RUNX1,RUNX1-203,ENST00000358356.9,60,60 min,3,1.536621,2.4846440000000003,0.6184471497727642
SKIL,SKIL-201,ENST00000259119.9,0,Control,1,4.809707,6.4786790000000005,0.7423900767424965
SKIL,SKIL-201,ENST00000259119.9,0,Control,2,3.989081,5.760356000000001,0.6925059840051552
SKIL,SKIL-201,ENST00000259119.9,0,Control,3,4.558346,6.4372940000000005,0.7081152422120226
SKIL,SKIL-205,ENST00000465590.1,0,Control,1,0.707014,6.4786790000000005,0.10912934565827385
SKIL,SKIL-205,ENST00000465590.1,0,Control,2,0.986623,5.760356000000001,0.1712781293378395
SKIL,SKIL-205,ENST00000465590.1,0,Control,3,0.0,6.4372940000000005,0.0
SKIL,SKIL-201,ENST00000259119.9,12,12 min,1,1.502693,4.28272,0.35087351029252434
SKIL,SKIL-201,ENST00000259119.9,12,12 min,2,2.297625,3.4617150000000003,0.6637244833846807
SKIL,SKIL-201,ENST00000259119.9,12,12 min,3,1.144926,3.228369,0.35464533329368486
SKIL,SKIL-205,ENST00000465590.1,12,12 min,1,1.317899,4.28272,0.3077247637015728
SKIL,SKIL-205,ENST00000465590.1,12,12 min,2,0.827149,3.4617150000000003,0.23894196951511026
SKIL,SKIL-205,ENST00000465590.1,12,12 min,3,0.686354,3.228369,0.21260085200917245
SKIL,SKIL-201,ENST00000259119.9,30,30 min,1,2.390583,6.947715,0.3440819031868751
SKIL,SKIL-201,ENST00000259119.9,30,30 min,2,0.0,6.956787,0.0
SKIL,SKIL-201,ENST00000259119.9,30,30 min,3,1.998818,4.527678000000001,0.4414664647088419
SKIL,SKIL-205,ENST00000465590.1,30,30 min,1,2.511306,6.947715,0.3614578318195263
SKIL,SKIL-205,ENST00000465590.1,30,30 min,2,2.568956,6.956787,0.36927334414579605
SKIL,SKIL-205,ENST00000465590.1,30,30 min,3,0.930917,4.527678000000001,0.20560583151010295
SKIL,SKIL-201,ENST00000259119.9,60,60 min,1,0.611737,5.940106,0.102984189171035
SKIL,SKIL-201,ENST00000259119.9,60,60 min,2,0.0,6.525816,0.0
SKIL,SKIL-201,ENST00000259119.9,60,60 min,3,1.831983,4.602065,0.3980784712949513
SKIL,SKIL-205,ENST00000465590.1,60,60 min,1,1.737463,5.940106,0.29249696890930904
SKIL,SKIL-205,ENST00000465590.1,60,60 min,2,2.184837,6.525816,0.33479905041760294
SKIL,SKIL-205,ENST00000465590.1,60,60 min,3,1.543,4.602065,0.3352842691270115
HDAC11,HDAC11-201,ENST00000295757.8,0,Control,1,2.444485,3.1397939999999998,0.7785494844566235
HDAC11,HDAC11-201,ENST00000295757.8,0,Control,2,3.063159,4.436457000000001,0.6904516374214829
HDAC11,HDAC11-201,ENST00000295757.8,0,Control,3,2.532091,4.174095,0.6066203572271354
HDAC11,HDAC11-213,ENST00000437379.2,0,Control,1,0.0,3.1397939999999998,0.0
HDAC11,HDAC11-213,ENST00000437379.2,0,Control,2,0.0,4.436457000000001,0.0
HDAC11,HDAC11-213,ENST00000437379.2,0,Control,3,0.0,4.174095,0.0
HDAC11,HDAC11-201,ENST00000295757.8,12,12 min,1,2.068012,2.6786619999999997,0.7720317083678345
HDAC11,HDAC11-201,ENST00000295757.8,12,12 min,2,1.913307,2.866766,0.6674095479017123
HDAC11,HDAC11-201,ENST00000295757.8,12,12 min,3,1.585685,2.241402,0.7074522999444098
HDAC11,HDAC11-213,ENST00000437379.2,12,12 min,1,0.0,2.6786619999999997,0.0
HDAC11,HDAC11-213,ENST00000437379.2,12,12 min,2,0.0,2.866766,0.0
HDAC11,HDAC11-213,ENST00000437379.2,12,12 min,3,0.0,2.241402,0.0
HDAC11,HDAC11-201,ENST00000295757.8,30,30 min,1,0.0,2.862233,0.0
HDAC11,HDAC11-201,ENST00000295757.8,30,30 min,2,0.0,3.705815,0.0
HDAC11,HDAC11-201,ENST00000295757.8,30,30 min,3,0.0,3.376836,0.0
HDAC11,HDAC11-213,ENST00000437379.2,30,30 min,1,1.570723,2.862233,0.5487753792231451
HDAC11,HDAC11-213,ENST00000437379.2,30,30 min,2,1.978237,3.705815,0.5338196860879456
HDAC11,HDAC11-213,ENST00000437379.2,30,30 min,3,2.437088,3.376836,0.721707539246798
HDAC11,HDAC11-201,ENST00000295757.8,60,60 min,1,2.054389,3.3792539999999995,0.6079415752707551
HDAC11,HDAC11-201,ENST00000295757.8,60,60 min,2,2.523653,3.6747380000000005,0.686757259973364
HDAC11,HDAC11-201,ENST00000295757.8,60,60 min,3,2.242284,3.3858090000000005,0.662259448185057
HDAC11,HDAC11-213,ENST00000437379.2,60,60 min,1,0.0,3.3792539999999995,0.0
HDAC11,HDAC11-213,ENST00000437379.2,60,60 min,2,0.0,3.6747380000000005,0.0
HDAC11,HDAC11-213,ENST00000437379.2,60,60 min,3,0.0,3.3858090000000005,0.0
