analysis,time_min,candidate_count,event_type
local_event,12,230,A3
local_event,12,203,A5
local_event,12,1011,AF
local_event,12,264,AL
local_event,12,58,MX
local_event,12,133,RI
local_event,12,587,SE
local_event,30,240,A3
local_event,30,190,A5
local_event,30,1038,AF
local_event,30,289,AL
local_event,30,63,MX
local_event,30,163,RI
local_event,30,516,SE
local_event,60,313,A3
local_event,60,274,A5
local_event,60,1262,AF
local_event,60,385,AL
local_event,60,59,MX
local_event,60,272,RI
local_event,60,640,SE
