gene_id	gene_name	robust_coding_transcripts	distinct_protein_ids	distinct_amino_acid_sequences	min_protein_length_aa	max_protein_length_aa	max_abs_tpm_delta_usage	multiple_distinct_protein_sequences	padj	baseMean	max_abs_descriptive_log2fc	descriptive_log2fc_12_vs_0	descriptive_log2fc_30_vs_0	descriptive_log2fc_60_vs_0	gene_time_de_fdr_0_05	lowest_median_robust_tx_tpm
ENSG00000159216.19	RUNX1	2	2	2	250	453	0.521177592874625	True	0.126656243565475	348.926816649449	0.260824680393979	-0.11105186657575	-0.033734270590562	0.260824680393979	False	0.5345230000000001
ENSG00000178607.16	ERN1	2	2	2	70	977	0.511918821165407	True	3.72592211092337e-29	271.704519215696	2.03592799125841	0.103682096853192	0.136609944204235	2.03592799125841	True	0.411913
ENSG00000151422.13	FER	3	3	3	163	822	0.510710674570809	True	0.404230682707796	802.349105150241	0.626459584684456	0.212419103388884	0.219094818359055	0.626459584684456	False	
ENSG00000120616.16	EPC1	2	2	2	57	813	0.465718943556828	True	1.05315839664583e-60	1037.20120928997	2.15264046124884	0.26296460964485	1.0817369929723	2.15264046124884	True	2.9123010000000003
ENSG00000213064.10	SFT2D2	2	2	2	108	160	0.419861017997719	True	2.79034899507383e-25	1090.35933996995	1.38454135473544	-1.38454135473544	-1.00394846861196	-1.36620632094212	True	
ENSG00000112242.15	E2F3	2	2	2	334	465	0.39044565719422	True	3.30449134587977e-11	2486.15680951366	0.576385643807506	-0.576385643807506	-0.434116595586004	-0.56769811680192	True	3.5456325
ENSG00000158711.14	ELK4	2	2	2	405	431	0.376582315053802	True	6.223718345092171e-15	892.458834673693	0.980543330064038	-0.980543330064038	-0.639194056889491	-0.707948581437242	True	1.326263
ENSG00000067992.16	PDK3	2	2	2	406	415	0.363664214645893	True	0.540530243819726	774.18397920558	0.218158718019993	0.0161124478262624	0.218158718019993	0.087117904986312	False	
ENSG00000169057.24	MECP2	2	2	2	172	486	0.346118859168713	True	0.0928702674663261	1928.0620478297	0.205250770883173	-0.205250770883173	0.0885079369790226	-0.0684895575498121	False	
ENSG00000108256.9	NUFIP2	2	2	2	120	695	0.310989783875733	True	0.0832896359801322	4257.16509302388	0.35458566037582	-0.35458566037582	-0.159283344767477	0.133931816242357	False	
ENSG00000138685.16	FGF2	2	2	2	155	288	0.245105083118971	True	0.0026809937914388	1244.30238012024	0.510574982666408	-0.510574982666408	-0.300615651254041	-0.333163534366076	True	
ENSG00000137331.12	IER3	2	2	2	138	156	0.114176083588039	True	5.90164072941129e-279	8453.25155966441	3.12675426809657	0.509476255271668	1.80366873787443	3.12675426809657	True	
