gene_name	feature_id	transcript_name	time_min	tpm_mean_usage_0	tpm_mean_usage_time	tpm_delta_usage_vs_0	direction	pvalue	global_bh_qvalue	proportion_sd_all_samples
E2F3	ENST00000346618.8	E2F3-201	12	0.541539732779038	0.659015704089718	0.11747597131068	increased usage	0.0778189752634334	1.0	0.157799667158518
E2F3	ENST00000346618.8	E2F3-201	30	0.541539732779038	0.786917869947309	0.245378137168271	increased usage	7.95968957491142e-05	0.0236524996081396	0.157799667158518
E2F3	ENST00000346618.8	E2F3-201	60	0.541539732779038	0.931985389973258	0.39044565719422	increased usage	1.7833653212151998e-12	4.80725229820034e-09	0.157799667158518
E2F3	ENST00000535432.2	E2F3-202	12	0.458460267220962	0.340984295910282	-0.11747597131068	decreased usage	0.0778189752636071	1.0	0.157799667158518
E2F3	ENST00000535432.2	E2F3-202	30	0.458460267220962	0.213082130052691	-0.245378137168271	decreased usage	7.95968957492674e-05	0.0236524996081396	0.157799667158518
E2F3	ENST00000535432.2	E2F3-202	60	0.458460267220962	0.0680146100267422	-0.39044565719422	decreased usage	1.78336532121851e-12	4.80725229820034e-09	0.157799667158518
ELK4	ENST00000289703.8	ELK4-201	12	0.168280615955399	0.489206760462117	0.320926144506718	increased usage	0.0004136257262248	0.0819402334338317	0.158900251312145
ELK4	ENST00000289703.8	ELK4-201	30	0.168280615955399	0.475873016692265	0.307592400736866	increased usage	0.0002185979686255	0.0512178389577251	0.158900251312145
ELK4	ENST00000289703.8	ELK4-201	60	0.168280615955399	0.453396852922133	0.285116236966734	increased usage	0.0006241541842803	0.110326195238707	0.158900251312145
ELK4	ENST00000357992.9	ELK4-202	12	0.813079231328004	0.476418382792707	-0.336660848535297	decreased usage	0.000413625726225	0.0819402334338317	0.158900251312145
ELK4	ENST00000357992.9	ELK4-202	30	0.813079231328004	0.436496916274202	-0.376582315053802	decreased usage	0.0002185979686255	0.0512178389577251	0.158900251312145
ELK4	ENST00000357992.9	ELK4-202	60	0.813079231328004	0.466009454585986	-0.347069776742018	decreased usage	0.0006241541842798	0.110326195238707	0.158900251312145
EPC1	ENST00000319778.11	EPC1-202	12	0.442660317277442	0.342769515013683	-0.0998908022637597	decreased usage	0.082780171492791	1.0	0.201441203168254
EPC1	ENST00000319778.11	EPC1-202	30	0.442660317277442	0.203466437816466	-0.239193879460976	decreased usage	6.45586215294105e-08	7.49644781103895e-05	0.201441203168254
EPC1	ENST00000319778.11	EPC1-202	60	0.442660317277442	0.052241073634856	-0.390419243642586	decreased usage	4.30937475931006e-23	4.646552552977791e-19	0.201441203168254
EPC1	ENST00000469059.2	EPC1-205	12	0.113639833016249	0.157668218846377	0.044028385830128	increased usage	0.18000564242792	1.0	0.219719101092677
EPC1	ENST00000469059.2	EPC1-205	30	0.113639833016249	0.490784665886365	0.377144832870116	increased usage	9.11559168605712e-14	3.62114480888702e-10	0.219719101092677
EPC1	ENST00000469059.2	EPC1-205	60	0.113639833016249	0.579358776573077	0.465718943556828	increased usage	6.54882729662162e-18	4.1190486488925803e-14	0.219719101092677
ERN1	ENST00000433197.4	ERN1-201	12	0.500054257732907	0.293273447795219	-0.206780809937687	decreased usage	0.231094711338434	1.0	0.181707902184861
ERN1	ENST00000433197.4	ERN1-201	30	0.500054257732907	0.335754244537379	-0.164300013195528	decreased usage	0.205923642771356	1.0	0.181707902184861
ERN1	ENST00000433197.4	ERN1-201	60	0.500054257732907	0.0838825793402325	-0.416171678392674	decreased usage	0.0001436797064294	0.037011990451118	0.181707902184861
ERN1	ENST00000606895.1	ERN1-208	12	0.40419859949436	0.49559186159947	0.0913932621051098	increased usage	0.231094711338416	1.0	0.181707902184861
ERN1	ENST00000606895.1	ERN1-208	30	0.40419859949436	0.584465790957744	0.180267191463384	increased usage	0.205923642771356	1.0	0.181707902184861
ERN1	ENST00000606895.1	ERN1-208	60	0.40419859949436	0.916117420659767	0.511918821165407	increased usage	0.0001436797064294	0.037011990451118	0.181707902184861
FER	ENST00000281092.9	FER-201	12	0.759417195247525	0.274616041301105	-0.48480115394642	decreased usage	6.09666887517936e-06	0.0032597399675071	0.25495659782633
FER	ENST00000281092.9	FER-201	30	0.759417195247525	0.312461138887613	-0.446956056359911	decreased usage	1.7218616622378e-05	0.0074263401531841	0.25495659782633
FER	ENST00000281092.9	FER-201	60	0.759417195247525	0.248706520676716	-0.510710674570809	decreased usage	3.27991234328114e-06	0.0020803188565868	0.25495659782633
FER	ENST00000438717.6	FER-202	12	0.0273206880507821	0.177460234931653	0.150139546880871	increased usage	0.002955880205056	0.309432691036085	0.123068044743654
FER	ENST00000438717.6	FER-202	30	0.0273206880507821	0.294420198150331	0.267099510099549	increased usage	0.0001096836764761	0.030436010475698	0.123068044743654
FER	ENST00000438717.6	FER-202	60	0.0273206880507821	0.213579491019553	0.186258802968771	increased usage	0.0010463843173796	0.157955898245729	0.123068044743654
FER	ENST00000628534.1	FER-210	12	0.0661072358904916	0.361509039798655	0.295401803908164	increased usage	4.41981419109758e-05	0.0151633779864305	0.190362103065478
FER	ENST00000628534.1	FER-210	30	0.0661072358904916	0.202752283929549	0.136645048039057	increased usage	0.0760467408734893	1.0	0.190362103065478
FER	ENST00000628534.1	FER-210	60	0.0661072358904916	0.356399915590806	0.290292679700314	increased usage	2.62591131328039e-05	0.0103227035516908	0.190362103065478
FGF2	ENST00000264498.7	FGF2-201	12	0.934979953233615	0.735040962114311	-0.199938991119304	decreased usage	0.0002154824521564	0.0508249032544203	0.124939022917429
FGF2	ENST00000264498.7	FGF2-201	30	0.934979953233615	0.844904957436838	-0.0900749957967767	decreased usage	0.0803226649030909	1.0	0.124939022917429
FGF2	ENST00000264498.7	FGF2-201	60	0.934979953233615	0.852948885047299	-0.0820310681863162	decreased usage	0.0043785352075098	0.396591686851485	0.124939022917429
FGF2	ENST00000608478.1	FGF2-202	12	0.0198539547667179	0.264959037885689	0.245105083118971	increased usage	0.0002154824521564	0.0508249032544203	0.124939022917429
FGF2	ENST00000608478.1	FGF2-202	30	0.0198539547667179	0.155095042563162	0.135241087796444	increased usage	0.0803226649030909	1.0	0.124939022917429
FGF2	ENST00000608478.1	FGF2-202	60	0.0198539547667179	0.147051114952701	0.127197160185983	increased usage	0.0043785352075054	0.396591686851485	0.124939022917429
IER3	ENST00000259874.6	IER3-201	12	0.928394846021428	0.814218762433389	-0.114176083588039	decreased usage	1.0	1.0	0.0545208899687973
IER3	ENST00000259874.6	IER3-201	30	0.928394846021428	0.851000389432475	-0.0773944565889539	decreased usage	1.0	1.0	0.0545208899687973
IER3	ENST00000259874.6	IER3-201	60	0.928394846021428	0.932848758858154	0.0044539128367254	increased usage	1.0	1.0	0.0545208899687973
IER3	ENST00000376377.2	IER3-202	12	0.0716051539785714	0.185781237566611	0.114176083588039	increased usage	1.0	1.0	0.0545208899687973
IER3	ENST00000376377.2	IER3-202	30	0.0716051539785714	0.148999610567526	0.0773944565889541	increased usage	1.0	1.0	0.0545208899687973
IER3	ENST00000376377.2	IER3-202	60	0.0716051539785714	0.0671512411418459	-0.0044539128367255	decreased usage	1.0	1.0	0.0545208899687973
MECP2	ENST00000303391.11	MECP2-201	12	0.455190767758399	0.109071908589686	-0.346118859168713	decreased usage	5.04260557977654e-10	1.06781651281199e-06	0.15001018047173
MECP2	ENST00000303391.11	MECP2-201	30	0.455190767758399	0.192895167289256	-0.262295600469143	decreased usage	5.78124642542607e-05	0.0183340813635245	0.15001018047173
MECP2	ENST00000303391.11	MECP2-201	60	0.455190767758399	0.264540446315415	-0.190650321442984	decreased usage	0.0038528361845987	0.370919026409391	0.15001018047173
MECP2	ENST00000628176.2	MECP2-216	12	0.143433676620344	0.488351461622265	0.344917785001921	increased usage	1.36287841765141e-08	1.94086744017123e-05	0.142991050403007
MECP2	ENST00000628176.2	MECP2-216	30	0.143433676620344	0.393299056026147	0.249865379405803	increased usage	3.24702266875532e-05	0.0119549039009583	0.142991050403007
MECP2	ENST00000628176.2	MECP2-216	60	0.143433676620344	0.334235748930878	0.190802072310533	increased usage	0.0014332957735607	0.192530263167351	0.142991050403007
NUFIP2	ENST00000225388.9	NUFIP2-201	12	0.965618132062146	0.790047148897465	-0.17557098316468	decreased usage	0.191710608535948	1.0	0.161103717484593
NUFIP2	ENST00000225388.9	NUFIP2-201	30	0.965618132062146	0.785826444501556	-0.17979168756059	decreased usage	0.00407826816241	0.379961404314848	0.161103717484593
NUFIP2	ENST00000225388.9	NUFIP2-201	60	0.965618132062146	0.654628348186413	-0.310989783875733	decreased usage	0.0001280583989536	0.0344094341840249	0.161103717484593
NUFIP2	ENST00000579665.1	NUFIP2-202	12	0.0343818679378543	0.209952851102535	0.17557098316468	increased usage	0.191710608535948	1.0	0.161103717484593
NUFIP2	ENST00000579665.1	NUFIP2-202	30	0.0343818679378543	0.214173555498444	0.17979168756059	increased usage	0.00407826816241	0.379961404314848	0.161103717484593
NUFIP2	ENST00000579665.1	NUFIP2-202	60	0.0343818679378543	0.345371651813587	0.310989783875733	increased usage	0.0001280583989536	0.0344094341840249	0.161103717484593
PDK3	ENST00000379162.9	PDK3-201	12	0.451614772851467	0.79481806251344	0.343203289661973	increased usage	5.25522807969429e-05	0.0168786744583441	0.165108911414147
PDK3	ENST00000379162.9	PDK3-201	30	0.451614772851467	0.807328208458613	0.355713435607147	increased usage	1.81449342033216e-05	0.007737430502057	0.165108911414147
PDK3	ENST00000379162.9	PDK3-201	60	0.451614772851467	0.757723916156697	0.306109143305231	increased usage	0.0004034572754308	0.0809921359351963	0.165108911414147
PDK3	ENST00000568479.2	PDK3-203	12	0.508308468327534	0.160710385205334	-0.3475980831222	decreased usage	5.25522807969429e-05	0.0168786744583441	0.165108911414147
PDK3	ENST00000568479.2	PDK3-203	30	0.508308468327534	0.144644253681641	-0.363664214645893	decreased usage	1.81449342033216e-05	0.007737430502057	0.165108911414147
PDK3	ENST00000568479.2	PDK3-203	60	0.508308468327534	0.197372039776773	-0.310936428550761	decreased usage	0.0004034572754312	0.0809921359351963	0.165108911414147
RUNX1	ENST00000344691.8	RUNX1-202	12	0.758873145491863	0.449867072252611	-0.309006073239252	decreased usage	0.0043316912956378	0.393433289916795	0.230718359310736
RUNX1	ENST00000344691.8	RUNX1-202	30	0.758873145491863	0.448756151865012	-0.310116993626851	decreased usage	0.0037636777135443	0.367776262564039	0.230718359310736
RUNX1	ENST00000344691.8	RUNX1-202	60	0.758873145491863	0.327996034846305	-0.430877110645558	decreased usage	1.64648892671467e-05	0.0073101202777437	0.230718359310736
RUNX1	ENST00000358356.9	RUNX1-203	12	0.0486247912614914	0.298248759467132	0.24962396820564	increased usage	0.0043316912956378	0.393433289916795	0.230718359310736
RUNX1	ENST00000358356.9	RUNX1-203	30	0.0486247912614914	0.316274280456285	0.267649489194793	increased usage	0.0037636777135443	0.367776262564039	0.230718359310736
RUNX1	ENST00000358356.9	RUNX1-203	60	0.0486247912614914	0.569802384136116	0.521177592874625	increased usage	1.64648892671467e-05	0.0073101202777437	0.230718359310736
SFT2D2	ENST00000271375.7	SFT2D2-201	12	0.952045369803851	0.678155211368816	-0.273890158435035	decreased usage	0.0076624185939574	0.55027247213713	0.183701850300287
SFT2D2	ENST00000271375.7	SFT2D2-201	30	0.952045369803851	0.532184351806132	-0.419861017997719	decreased usage	0.0010049768340688	0.153859303255608	0.183701850300287
SFT2D2	ENST00000271375.7	SFT2D2-201	60	0.952045369803851	0.596015109670743	-0.356030260133108	decreased usage	0.001671335384245	0.217334221602911	0.183701850300287
SFT2D2	ENST00000630869.1	SFT2D2-204	12	0.0042364632568219	0.263935438220197	0.259698974963375	increased usage	0.0007760831923109	0.128457085758887	0.176044272386388
SFT2D2	ENST00000630869.1	SFT2D2-204	30	0.0042364632568219	0.272203466046564	0.267967002789742	increased usage	0.0267825321758711	1.0	0.176044272386388
SFT2D2	ENST00000630869.1	SFT2D2-204	60	0.0042364632568219	0.319093173416416	0.314856710159594	increased usage	0.0002605302802933	0.0576658180812433	0.176044272386388
