gene_id	transcript_id	transcript_name	TPM	gene_tpm	usage	sample_id	time_min	replicate	gene_name
ENSG00000213064.10	ENST00000271375.7	SFT2D2-201	9.208514	9.576640999999999	0.9615599039370903	control_rep1	0	1	SFT2D2
ENSG00000213064.10	ENST00000630869.1	SFT2D2-204	0.0	9.576640999999999	0.0	control_rep1	0	1	SFT2D2
ENSG00000158711.14	ENST00000357992.9	ELK4-202	5.713967	7.041548000000001	0.8114646097704652	control_rep1	0	1	ELK4
ENSG00000158711.14	ENST00000289703.8	ELK4-201	1.114124	7.041548000000001	0.15822145925867434	control_rep1	0	1	ELK4
ENSG00000138685.16	ENST00000264498.7	FGF2-201	6.800664	8.448661000000001	0.8049398597008448	control_rep1	0	1	FGF2
ENSG00000138685.16	ENST00000608478.1	FGF2-202	0.503218	8.448661000000001	0.059561864300153596	control_rep1	0	1	FGF2
ENSG00000151422.13	ENST00000281092.9	FER-201	2.922164	3.184434	0.9176399950509259	control_rep1	0	1	FER
ENSG00000151422.13	ENST00000628534.1	FER-210	0.0	3.184434	0.0	control_rep1	0	1	FER
ENSG00000151422.13	ENST00000438717.6	FER-202	0.0	3.184434	0.0	control_rep1	0	1	FER
ENSG00000112242.15	ENST00000346618.8	E2F3-201	12.220491	24.506855	0.498656029098797	control_rep1	0	1	E2F3
ENSG00000112242.15	ENST00000535432.2	E2F3-202	12.286364	24.506855	0.501343970901203	control_rep1	0	1	E2F3
ENSG00000137331.12	ENST00000259874.6	IER3-201	73.588644	79.56783	0.9248542281472298	control_rep1	0	1	IER3
ENSG00000137331.12	ENST00000376377.2	IER3-202	5.979186	79.56783	0.07514577185277015	control_rep1	0	1	IER3
ENSG00000120616.16	ENST00000319778.11	EPC1-202	3.822654	8.452114	0.4522719404873148	control_rep1	0	1	EPC1
ENSG00000120616.16	ENST00000469059.2	EPC1-205	0.65988	8.452114	0.07807277563932527	control_rep1	0	1	EPC1
ENSG00000108256.9	ENST00000225388.9	NUFIP2-201	16.179503	16.179503	1.0	control_rep1	0	1	NUFIP2
ENSG00000108256.9	ENST00000579665.1	NUFIP2-202	0.0	16.179503	0.0	control_rep1	0	1	NUFIP2
ENSG00000178607.16	ENST00000433197.4	ERN1-201	0.70303	1.535747	0.45777722502469487	control_rep1	0	1	ERN1
ENSG00000178607.16	ENST00000606895.1	ERN1-208	0.574001	1.535747	0.37376013106325456	control_rep1	0	1	ERN1
ENSG00000159216.19	ENST00000344691.8	RUNX1-202	2.028179	2.567165	0.7900462182991744	control_rep1	0	1	RUNX1
ENSG00000159216.19	ENST00000358356.9	RUNX1-203	0.210377	2.567165	0.08194915402788679	control_rep1	0	1	RUNX1
ENSG00000067992.16	ENST00000379162.9	PDK3-201	3.361136	6.224437	0.5399903637871184	control_rep1	0	1	PDK3
ENSG00000067992.16	ENST00000568479.2	PDK3-203	2.657185	6.224437	0.4268956373082417	control_rep1	0	1	PDK3
ENSG00000169057.24	ENST00000303391.11	MECP2-201	8.351106	15.577354	0.5361055542552349	control_rep1	0	1	MECP2
ENSG00000169057.24	ENST00000628176.2	MECP2-216	1.286026	15.577354	0.0825574099426642	control_rep1	0	1	MECP2
ENSG00000213064.10	ENST00000271375.7	SFT2D2-201	1.915301	2.804469	0.6829460407656494	uv_12min_rep1	12	1	SFT2D2
ENSG00000213064.10	ENST00000630869.1	SFT2D2-204	0.889168	2.804469	0.3170539592343506	uv_12min_rep1	12	1	SFT2D2
ENSG00000158711.14	ENST00000357992.9	ELK4-202	1.413722	3.072276	0.460154621524889	uv_12min_rep1	12	1	ELK4
ENSG00000158711.14	ENST00000289703.8	ELK4-201	1.640487	3.072276	0.533964721919515	uv_12min_rep1	12	1	ELK4
ENSG00000138685.16	ENST00000264498.7	FGF2-201	2.85608	4.917616	0.580785486300679	uv_12min_rep1	12	1	FGF2
ENSG00000138685.16	ENST00000608478.1	FGF2-202	2.061536	4.917616	0.41921451369932095	uv_12min_rep1	12	1	FGF2
ENSG00000151422.13	ENST00000281092.9	FER-201	1.102189	2.542482	0.43350906712417236	uv_12min_rep1	12	1	FER
ENSG00000151422.13	ENST00000628534.1	FER-210	0.496988	2.542482	0.1954735569416027	uv_12min_rep1	12	1	FER
ENSG00000151422.13	ENST00000438717.6	FER-202	0.383783	2.542482	0.15094816797129731	uv_12min_rep1	12	1	FER
ENSG00000112242.15	ENST00000346618.8	E2F3-201	7.836342	12.219794	0.6412826599204536	uv_12min_rep1	12	1	E2F3
ENSG00000112242.15	ENST00000535432.2	E2F3-202	4.383452	12.219794	0.35871734007954637	uv_12min_rep1	12	1	E2F3
ENSG00000137331.12	ENST00000259874.6	IER3-201	61.322418	77.036912	0.7960134487218283	uv_12min_rep1	12	1	IER3
ENSG00000137331.12	ENST00000376377.2	IER3-202	15.714494	77.036912	0.2039865512781717	uv_12min_rep1	12	1	IER3
ENSG00000120616.16	ENST00000319778.11	EPC1-202	3.125612	7.480219	0.4178503329915875	uv_12min_rep1	12	1	EPC1
ENSG00000120616.16	ENST00000469059.2	EPC1-205	1.25553	7.480219	0.16784669005011751	uv_12min_rep1	12	1	EPC1
ENSG00000108256.9	ENST00000225388.9	NUFIP2-201	8.853234	12.999876	0.6810244959259611	uv_12min_rep1	12	1	NUFIP2
ENSG00000108256.9	ENST00000579665.1	NUFIP2-202	4.146642	12.999876	0.31897550407403885	uv_12min_rep1	12	1	NUFIP2
ENSG00000178607.16	ENST00000433197.4	ERN1-201	0.336951	0.843143	0.39963683503272873	uv_12min_rep1	12	1	ERN1
ENSG00000178607.16	ENST00000606895.1	ERN1-208	0.506192	0.843143	0.6003631649672713	uv_12min_rep1	12	1	ERN1
ENSG00000159216.19	ENST00000344691.8	RUNX1-202	0.834934	1.852932	0.45060153313775136	uv_12min_rep1	12	1	RUNX1
ENSG00000159216.19	ENST00000358356.9	RUNX1-203	0.514571	1.852932	0.2777063594346689	uv_12min_rep1	12	1	RUNX1
ENSG00000067992.16	ENST00000379162.9	PDK3-201	3.930447	5.000665	0.7859848640130863	uv_12min_rep1	12	1	PDK3
ENSG00000067992.16	ENST00000568479.2	PDK3-203	0.83286	5.000665	0.1665498488701003	uv_12min_rep1	12	1	PDK3
ENSG00000169057.24	ENST00000303391.11	MECP2-201	1.698053	11.603702	0.1463371775662629	uv_12min_rep1	12	1	MECP2
ENSG00000169057.24	ENST00000628176.2	MECP2-216	5.686565	11.603702	0.4900647224480601	uv_12min_rep1	12	1	MECP2
ENSG00000213064.10	ENST00000271375.7	SFT2D2-201	1.833785	4.071054999999999	0.4504446636068538	uv_30min_rep1	30	1	SFT2D2
ENSG00000213064.10	ENST00000630869.1	SFT2D2-204	1.454928	4.071054999999999	0.3573835283483029	uv_30min_rep1	30	1	SFT2D2
ENSG00000158711.14	ENST00000357992.9	ELK4-202	1.517828	3.265376	0.4648248777476162	uv_30min_rep1	30	1	ELK4
ENSG00000158711.14	ENST00000289703.8	ELK4-201	1.650788	3.265376	0.5055430063796634	uv_30min_rep1	30	1	ELK4
ENSG00000138685.16	ENST00000264498.7	FGF2-201	4.408708	5.596626	0.7877439014148883	uv_30min_rep1	30	1	FGF2
ENSG00000138685.16	ENST00000608478.1	FGF2-202	1.187918	5.596626	0.21225609858511182	uv_30min_rep1	30	1	FGF2
ENSG00000151422.13	ENST00000281092.9	FER-201	1.448292	4.7960769999999995	0.30197430107982004	uv_30min_rep1	30	1	FER
ENSG00000151422.13	ENST00000628534.1	FER-210	1.365901	4.7960769999999995	0.2847954692970943	uv_30min_rep1	30	1	FER
ENSG00000151422.13	ENST00000438717.6	FER-202	1.218946	4.7960769999999995	0.2541548019349982	uv_30min_rep1	30	1	FER
ENSG00000112242.15	ENST00000346618.8	E2F3-201	9.983702	13.707884	0.7283182437201832	uv_30min_rep1	30	1	E2F3
ENSG00000112242.15	ENST00000535432.2	E2F3-202	3.724182	13.707884	0.2716817562798168	uv_30min_rep1	30	1	E2F3
ENSG00000137331.12	ENST00000259874.6	IER3-201	168.134948	200.246714	0.8396389865353796	uv_30min_rep1	30	1	IER3
ENSG00000137331.12	ENST00000376377.2	IER3-202	32.111766	200.246714	0.16036101346462048	uv_30min_rep1	30	1	IER3
ENSG00000120616.16	ENST00000319778.11	EPC1-202	2.76221	11.590808	0.23831039216593009	uv_30min_rep1	30	1	EPC1
ENSG00000120616.16	ENST00000469059.2	EPC1-205	5.243657	11.590808	0.45239788287408433	uv_30min_rep1	30	1	EPC1
ENSG00000108256.9	ENST00000225388.9	NUFIP2-201	10.34073	12.966822	0.7974760508010367	uv_30min_rep1	30	1	NUFIP2
ENSG00000108256.9	ENST00000579665.1	NUFIP2-202	2.626092	12.966822	0.2025239491989633	uv_30min_rep1	30	1	NUFIP2
ENSG00000178607.16	ENST00000433197.4	ERN1-201	0.40712	1.138634	0.3575512412241335	uv_30min_rep1	30	1	ERN1
ENSG00000178607.16	ENST00000606895.1	ERN1-208	0.731514	1.138634	0.6424487587758666	uv_30min_rep1	30	1	ERN1
ENSG00000159216.19	ENST00000344691.8	RUNX1-202	0.709538	2.16489	0.3277478301437948	uv_30min_rep1	30	1	RUNX1
ENSG00000159216.19	ENST00000358356.9	RUNX1-203	0.955685	2.16489	0.44144737145998175	uv_30min_rep1	30	1	RUNX1
ENSG00000067992.16	ENST00000379162.9	PDK3-201	4.926151	5.952106000000001	0.8276315979587728	uv_30min_rep1	30	1	PDK3
ENSG00000067992.16	ENST00000568479.2	PDK3-203	0.838708	5.952106000000001	0.14090945288944787	uv_30min_rep1	30	1	PDK3
ENSG00000169057.24	ENST00000303391.11	MECP2-201	2.98702	15.575452	0.19177742000681583	uv_30min_rep1	30	1	MECP2
ENSG00000169057.24	ENST00000628176.2	MECP2-216	4.575697	15.575452	0.29377619346135186	uv_30min_rep1	30	1	MECP2
ENSG00000213064.10	ENST00000271375.7	SFT2D2-201	1.976325	2.6631270000000002	0.7421069291851271	uv_60min_rep1	60	1	SFT2D2
ENSG00000213064.10	ENST00000630869.1	SFT2D2-204	0.686802	2.6631270000000002	0.2578930708148729	uv_60min_rep1	60	1	SFT2D2
ENSG00000158711.14	ENST00000357992.9	ELK4-202	1.586488	3.901646	0.40662018030338987	uv_60min_rep1	60	1	ELK4
ENSG00000158711.14	ENST00000289703.8	ELK4-201	2.090506	3.901646	0.5358010439696477	uv_60min_rep1	60	1	ELK4
ENSG00000138685.16	ENST00000264498.7	FGF2-201	4.789624	5.929408	0.8077744017615249	uv_60min_rep1	60	1	FGF2
ENSG00000138685.16	ENST00000608478.1	FGF2-202	1.139784	5.929408	0.19222559823847507	uv_60min_rep1	60	1	FGF2
ENSG00000151422.13	ENST00000281092.9	FER-201	1.430982	5.761878	0.24835340144307114	uv_60min_rep1	60	1	FER
ENSG00000151422.13	ENST00000628534.1	FER-210	2.178773	5.761878	0.37813591332548174	uv_60min_rep1	60	1	FER
ENSG00000151422.13	ENST00000438717.6	FER-202	1.162162	5.761878	0.20169847400448254	uv_60min_rep1	60	1	FER
ENSG00000112242.15	ENST00000346618.8	E2F3-201	12.322628	13.148641	0.9371788308768945	uv_60min_rep1	60	1	E2F3
ENSG00000112242.15	ENST00000535432.2	E2F3-202	0.826013	13.148641	0.06282116912310558	uv_60min_rep1	60	1	E2F3
ENSG00000137331.12	ENST00000259874.6	IER3-201	492.995745	530.476753	0.9293446738466218	uv_60min_rep1	60	1	IER3
ENSG00000137331.12	ENST00000376377.2	IER3-202	37.481008	530.476753	0.0706553261533781	uv_60min_rep1	60	1	IER3
ENSG00000120616.16	ENST00000319778.11	EPC1-202	1.247697	30.034855	0.04154163554310484	uv_60min_rep1	60	1	EPC1
ENSG00000120616.16	ENST00000469059.2	EPC1-205	17.940263	30.034855	0.597314786437291	uv_60min_rep1	60	1	EPC1
ENSG00000108256.9	ENST00000225388.9	NUFIP2-201	10.783919	13.524137	0.7973831528030217	uv_60min_rep1	60	1	NUFIP2
ENSG00000108256.9	ENST00000579665.1	NUFIP2-202	2.740218	13.524137	0.20261684719697828	uv_60min_rep1	60	1	NUFIP2
ENSG00000178607.16	ENST00000433197.4	ERN1-201	0.37753	4.014431	0.09404321558895892	uv_60min_rep1	60	1	ERN1
ENSG00000178607.16	ENST00000606895.1	ERN1-208	3.636901	4.014431	0.905956784411041	uv_60min_rep1	60	1	ERN1
ENSG00000159216.19	ENST00000344691.8	RUNX1-202	0.883406	2.3148880000000003	0.3816193267233663	uv_60min_rep1	60	1	RUNX1
ENSG00000159216.19	ENST00000358356.9	RUNX1-203	1.069091	2.3148880000000003	0.46183271069701853	uv_60min_rep1	60	1	RUNX1
ENSG00000067992.16	ENST00000379162.9	PDK3-201	4.144682	5.462186	0.758795471263703	uv_60min_rep1	60	1	PDK3
ENSG00000067992.16	ENST00000568479.2	PDK3-203	1.081619	5.462186	0.1980194376390698	uv_60min_rep1	60	1	PDK3
ENSG00000169057.24	ENST00000303391.11	MECP2-201	3.939394	13.473706	0.2923764256099992	uv_60min_rep1	60	1	MECP2
ENSG00000169057.24	ENST00000628176.2	MECP2-216	4.602349	13.473706	0.3415800374447832	uv_60min_rep1	60	1	MECP2
ENSG00000213064.10	ENST00000271375.7	SFT2D2-201	7.26366	8.119666	0.8945762054744616	control_rep2	0	2	SFT2D2
ENSG00000213064.10	ENST00000630869.1	SFT2D2-204	0.103196	8.119666	0.012709389770465927	control_rep2	0	2	SFT2D2
ENSG00000158711.14	ENST00000357992.9	ELK4-202	5.41428	6.379245999999999	0.8487335337122914	control_rep2	0	2	ELK4
ENSG00000158711.14	ENST00000289703.8	ELK4-201	0.847218	6.379245999999999	0.1328084855169404	control_rep2	0	2	ELK4
ENSG00000138685.16	ENST00000264498.7	FGF2-201	7.732698	7.732698	1.0	control_rep2	0	2	FGF2
ENSG00000138685.16	ENST00000608478.1	FGF2-202	0.0	7.732698	0.0	control_rep2	0	2	FGF2
ENSG00000151422.13	ENST00000281092.9	FER-201	3.309659	4.650918	0.7116141372520436	control_rep2	0	2	FER
ENSG00000151422.13	ENST00000628534.1	FER-210	0.922378	4.650918	0.19832170767147475	control_rep2	0	2	FER
ENSG00000151422.13	ENST00000438717.6	FER-202	0.0	4.650918	0.0	control_rep2	0	2	FER
ENSG00000112242.15	ENST00000346618.8	E2F3-201	11.072547	19.732234	0.5611400614851821	control_rep2	0	2	E2F3
ENSG00000112242.15	ENST00000535432.2	E2F3-202	8.659687	19.732234	0.43885993851481797	control_rep2	0	2	E2F3
ENSG00000137331.12	ENST00000259874.6	IER3-201	63.583523	68.6991	0.9255364771882019	control_rep2	0	2	IER3
ENSG00000137331.12	ENST00000376377.2	IER3-202	5.115577	68.6991	0.07446352281179812	control_rep2	0	2	IER3
ENSG00000120616.16	ENST00000319778.11	EPC1-202	3.926606	7.782282	0.5045571466055843	control_rep2	0	2	EPC1
ENSG00000120616.16	ENST00000469059.2	EPC1-205	1.193245	7.782282	0.15332841960751356	control_rep2	0	2	EPC1
ENSG00000108256.9	ENST00000225388.9	NUFIP2-201	15.049421	15.362316	0.9796323028376711	control_rep2	0	2	NUFIP2
ENSG00000108256.9	ENST00000579665.1	NUFIP2-202	0.312895	15.362316	0.020367697162328908	control_rep2	0	2	NUFIP2
ENSG00000178607.16	ENST00000433197.4	ERN1-201	0.682792	1.38747	0.4921129826230477	control_rep2	0	2	ERN1
ENSG00000178607.16	ENST00000606895.1	ERN1-208	0.539876	1.38747	0.389108232970803	control_rep2	0	2	ERN1
ENSG00000159216.19	ENST00000344691.8	RUNX1-202	1.679695	2.610957	0.6433254166958705	control_rep2	0	2	RUNX1
ENSG00000159216.19	ENST00000358356.9	RUNX1-203	0.166906	2.610957	0.06392521975658734	control_rep2	0	2	RUNX1
ENSG00000067992.16	ENST00000379162.9	PDK3-201	2.392138	5.745472	0.41635186804495783	control_rep2	0	2	PDK3
ENSG00000067992.16	ENST00000568479.2	PDK3-203	3.12706	5.745472	0.544265118688247	control_rep2	0	2	PDK3
ENSG00000169057.24	ENST00000303391.11	MECP2-201	7.317961	15.539985	0.4709117158092495	control_rep2	0	2	MECP2
ENSG00000169057.24	ENST00000628176.2	MECP2-216	2.579921	15.539985	0.16601824261735132	control_rep2	0	2	MECP2
ENSG00000213064.10	ENST00000271375.7	SFT2D2-201	1.765886	2.39222	0.7381787628228174	uv_12min_rep2	12	2	SFT2D2
ENSG00000213064.10	ENST00000630869.1	SFT2D2-204	0.414816	2.39222	0.17340211184590046	uv_12min_rep2	12	2	SFT2D2
ENSG00000158711.14	ENST00000357992.9	ELK4-202	1.22598	2.447528	0.5009054033294001	uv_12min_rep2	12	2	ELK4
ENSG00000158711.14	ENST00000289703.8	ELK4-201	1.096766	2.447528	0.44811172742456873	uv_12min_rep2	12	2	ELK4
ENSG00000138685.16	ENST00000264498.7	FGF2-201	3.320195	3.860932	0.8599465103244501	uv_12min_rep2	12	2	FGF2
ENSG00000138685.16	ENST00000608478.1	FGF2-202	0.540737	3.860932	0.14005348967554984	uv_12min_rep2	12	2	FGF2
ENSG00000151422.13	ENST00000281092.9	FER-201	0.894248	5.559391	0.16085358989860582	uv_12min_rep2	12	2	FER
ENSG00000151422.13	ENST00000628534.1	FER-210	3.151413	5.559391	0.5668629891295647	uv_12min_rep2	12	2	FER
ENSG00000151422.13	ENST00000438717.6	FER-202	1.010485	5.559391	0.18176181527796842	uv_12min_rep2	12	2	FER
ENSG00000112242.15	ENST00000346618.8	E2F3-201	6.488813	10.557459000000001	0.6146188206840301	uv_12min_rep2	12	2	E2F3
ENSG00000112242.15	ENST00000535432.2	E2F3-202	4.068646	10.557459000000001	0.3853811793159698	uv_12min_rep2	12	2	E2F3
ENSG00000137331.12	ENST00000259874.6	IER3-201	70.734158	88.329461	0.8007991580521475	uv_12min_rep2	12	2	IER3
ENSG00000137331.12	ENST00000376377.2	IER3-202	17.595303	88.329461	0.1992008419478525	uv_12min_rep2	12	2	IER3
ENSG00000120616.16	ENST00000319778.11	EPC1-202	1.824895	7.835051	0.23291424650586193	uv_12min_rep2	12	2	EPC1
ENSG00000120616.16	ENST00000469059.2	EPC1-205	0.877298	7.835051	0.11197093675586796	uv_12min_rep2	12	2	EPC1
ENSG00000108256.9	ENST00000225388.9	NUFIP2-201	7.355021	7.355021	1.0	uv_12min_rep2	12	2	NUFIP2
ENSG00000108256.9	ENST00000579665.1	NUFIP2-202	0.0	7.355021	0.0	uv_12min_rep2	12	2	NUFIP2
ENSG00000178607.16	ENST00000433197.4	ERN1-201	0.248136	1.248253	0.1987866241859623	uv_12min_rep2	12	2	ERN1
ENSG00000178607.16	ENST00000606895.1	ERN1-208	0.694558	1.248253	0.5564240582638295	uv_12min_rep2	12	2	ERN1
ENSG00000159216.19	ENST00000344691.8	RUNX1-202	0.725151	1.894007	0.3828660612130789	uv_12min_rep2	12	2	RUNX1
ENSG00000159216.19	ENST00000358356.9	RUNX1-203	0.751927	1.894007	0.39700328457075396	uv_12min_rep2	12	2	RUNX1
ENSG00000067992.16	ENST00000379162.9	PDK3-201	3.573733	4.4475739999999995	0.8035241234884457	uv_12min_rep2	12	2	PDK3
ENSG00000067992.16	ENST00000568479.2	PDK3-203	0.681745	4.4475739999999995	0.15328468958582817	uv_12min_rep2	12	2	PDK3
ENSG00000169057.24	ENST00000303391.11	MECP2-201	0.317314	10.628351	0.029855431007124244	uv_12min_rep2	12	2	MECP2
ENSG00000169057.24	ENST00000628176.2	MECP2-216	4.927661	10.628351	0.46363363422980663	uv_12min_rep2	12	2	MECP2
ENSG00000213064.10	ENST00000271375.7	SFT2D2-201	1.874523	3.466376	0.5407731302086098	uv_30min_rep2	30	2	SFT2D2
ENSG00000213064.10	ENST00000630869.1	SFT2D2-204	1.591853	3.466376	0.4592268697913902	uv_30min_rep2	30	2	SFT2D2
ENSG00000158711.14	ENST00000357992.9	ELK4-202	1.4325	3.746656	0.3823409461663948	uv_30min_rep2	30	2	ELK4
ENSG00000158711.14	ENST00000289703.8	ELK4-201	1.846595	3.746656	0.49286483733761516	uv_30min_rep2	30	2	ELK4
ENSG00000138685.16	ENST00000264498.7	FGF2-201	4.366557	5.8456850000000005	0.7469709708956264	uv_30min_rep2	30	2	FGF2
ENSG00000138685.16	ENST00000608478.1	FGF2-202	1.479128	5.8456850000000005	0.2530290291043735	uv_30min_rep2	30	2	FGF2
ENSG00000151422.13	ENST00000281092.9	FER-201	1.324793	4.0786940000000005	0.3248081371144783	uv_30min_rep2	30	2	FER
ENSG00000151422.13	ENST00000628534.1	FER-210	1.3193	4.0786940000000005	0.3234613824915524	uv_30min_rep2	30	2	FER
ENSG00000151422.13	ENST00000438717.6	FER-202	1.110084	4.0786940000000005	0.27216653173785527	uv_30min_rep2	30	2	FER
ENSG00000112242.15	ENST00000346618.8	E2F3-201	10.816949	14.184031999999998	0.7626145372486469	uv_30min_rep2	30	2	E2F3
ENSG00000112242.15	ENST00000535432.2	E2F3-202	3.367083	14.184031999999998	0.2373854627513531	uv_30min_rep2	30	2	E2F3
ENSG00000137331.12	ENST00000259874.6	IER3-201	187.53711	217.967095	0.8603918403371849	uv_30min_rep2	30	2	IER3
ENSG00000137331.12	ENST00000376377.2	IER3-202	30.429985	217.967095	0.13960815966281515	uv_30min_rep2	30	2	IER3
ENSG00000120616.16	ENST00000319778.11	EPC1-202	2.590424	15.679432	0.16521159695070586	uv_30min_rep2	30	2	EPC1
ENSG00000120616.16	ENST00000469059.2	EPC1-205	8.513227	15.679432	0.5429550636783271	uv_30min_rep2	30	2	EPC1
ENSG00000108256.9	ENST00000225388.9	NUFIP2-201	10.10349	13.962038	0.7236400588510074	uv_30min_rep2	30	2	NUFIP2
ENSG00000108256.9	ENST00000579665.1	NUFIP2-202	3.858548	13.962038	0.2763599411489927	uv_30min_rep2	30	2	NUFIP2
ENSG00000178607.16	ENST00000433197.4	ERN1-201	0.434456	1.181076	0.3678476236922941	uv_30min_rep2	30	2	ERN1
ENSG00000178607.16	ENST00000606895.1	ERN1-208	0.611955	1.181076	0.518133464738933	uv_30min_rep2	30	2	ERN1
ENSG00000159216.19	ENST00000344691.8	RUNX1-202	0.973003	2.076409	0.46859891283461014	uv_30min_rep2	30	2	RUNX1
ENSG00000159216.19	ENST00000358356.9	RUNX1-203	0.350723	2.076409	0.16890843759586865	uv_30min_rep2	30	2	RUNX1
ENSG00000067992.16	ENST00000379162.9	PDK3-201	3.892168	5.065822	0.7683191395197068	uv_30min_rep2	30	2	PDK3
ENSG00000067992.16	ENST00000568479.2	PDK3-203	0.697019	5.065822	0.13759247758804002	uv_30min_rep2	30	2	PDK3
ENSG00000169057.24	ENST00000303391.11	MECP2-201	2.731646	14.830985	0.18418506929917333	uv_30min_rep2	30	2	MECP2
ENSG00000169057.24	ENST00000628176.2	MECP2-216	5.733438	14.830985	0.3865851121823668	uv_30min_rep2	30	2	MECP2
ENSG00000213064.10	ENST00000271375.7	SFT2D2-201	1.393298	2.573678	0.541364537444078	uv_60min_rep2	60	2	SFT2D2
ENSG00000213064.10	ENST00000630869.1	SFT2D2-204	1.18038	2.573678	0.45863546255592186	uv_60min_rep2	60	2	SFT2D2
ENSG00000158711.14	ENST00000357992.9	ELK4-202	1.725607	3.0841890000000003	0.5595010552206754	uv_60min_rep2	60	2	ELK4
ENSG00000158711.14	ENST00000289703.8	ELK4-201	1.16596	3.0841890000000003	0.3780442767936725	uv_60min_rep2	60	2	ELK4
ENSG00000138685.16	ENST00000264498.7	FGF2-201	4.13348	4.778502	0.865015856433669	uv_60min_rep2	60	2	FGF2
ENSG00000138685.16	ENST00000608478.1	FGF2-202	0.645022	4.778502	0.13498414356633104	uv_60min_rep2	60	2	FGF2
ENSG00000151422.13	ENST00000281092.9	FER-201	1.535807	4.9626459999999994	0.30947341398117056	uv_60min_rep2	60	2	FER
ENSG00000151422.13	ENST00000628534.1	FER-210	1.50991	4.9626459999999994	0.30425502846666885	uv_60min_rep2	60	2	FER
ENSG00000151422.13	ENST00000438717.6	FER-202	0.821711	4.9626459999999994	0.16557920915576088	uv_60min_rep2	60	2	FER
ENSG00000112242.15	ENST00000346618.8	E2F3-201	10.681323	11.640529	0.917597731168403	uv_60min_rep2	60	2	E2F3
ENSG00000112242.15	ENST00000535432.2	E2F3-202	0.959206	11.640529	0.0824022688315969	uv_60min_rep2	60	2	E2F3
ENSG00000137331.12	ENST00000259874.6	IER3-201	454.524556	485.384095	0.9364224346906135	uv_60min_rep2	60	2	IER3
ENSG00000137331.12	ENST00000376377.2	IER3-202	30.859539	485.384095	0.06357756530938659	uv_60min_rep2	60	2	IER3
ENSG00000120616.16	ENST00000319778.11	EPC1-202	1.39564	26.833501	0.05201110358279377	uv_60min_rep2	60	2	EPC1
ENSG00000120616.16	ENST00000469059.2	EPC1-205	14.813758	26.833501	0.5520620659972771	uv_60min_rep2	60	2	EPC1
ENSG00000108256.9	ENST00000225388.9	NUFIP2-201	9.70592	13.678170000000001	0.7095919995145549	uv_60min_rep2	60	2	NUFIP2
ENSG00000108256.9	ENST00000579665.1	NUFIP2-202	3.97225	13.678170000000001	0.290408000485445	uv_60min_rep2	60	2	NUFIP2
ENSG00000178607.16	ENST00000433197.4	ERN1-201	0.410378	5.0594719999999995	0.08111083528083564	uv_60min_rep2	60	2	ERN1
ENSG00000178607.16	ENST00000606895.1	ERN1-208	4.649094	5.0594719999999995	0.9188891647191644	uv_60min_rep2	60	2	ERN1
ENSG00000159216.19	ENST00000344691.8	RUNX1-202	0.670568	2.330069	0.28778890238872756	uv_60min_rep2	60	2	RUNX1
ENSG00000159216.19	ENST00000358356.9	RUNX1-203	1.46591	2.330069	0.629127291938565	uv_60min_rep2	60	2	RUNX1
ENSG00000067992.16	ENST00000379162.9	PDK3-201	3.595871	4.811090999999999	0.7474128009634405	uv_60min_rep2	60	2	PDK3
ENSG00000067992.16	ENST00000568479.2	PDK3-203	1.040759	4.811090999999999	0.21632494583868817	uv_60min_rep2	60	2	PDK3
ENSG00000169057.24	ENST00000303391.11	MECP2-201	3.012915	12.685092000000001	0.2375162119439102	uv_60min_rep2	60	2	MECP2
ENSG00000169057.24	ENST00000628176.2	MECP2-216	3.967684	12.685092000000001	0.3127832261681665	uv_60min_rep2	60	2	MECP2
ENSG00000213064.10	ENST00000271375.7	SFT2D2-201	7.039232	7.039232	1.0	control_rep3	0	3	SFT2D2
ENSG00000213064.10	ENST00000630869.1	SFT2D2-204	0.0	7.039232	0.0	control_rep3	0	3	SFT2D2
ENSG00000158711.14	ENST00000357992.9	ELK4-202	5.042991	6.473343999999999	0.7790395505012557	control_rep3	0	3	ELK4
ENSG00000158711.14	ENST00000289703.8	ELK4-201	1.384078	6.473343999999999	0.21381190309058196	control_rep3	0	3	ELK4
ENSG00000138685.16	ENST00000264498.7	FGF2-201	7.478644	7.478644	1.0	control_rep3	0	3	FGF2
ENSG00000138685.16	ENST00000608478.1	FGF2-202	0.0	7.478644	0.0	control_rep3	0	3	FGF2
ENSG00000151422.13	ENST00000281092.9	FER-201	3.564368	5.492114	0.6489974534396045	control_rep3	0	3	FER
ENSG00000151422.13	ENST00000628534.1	FER-210	0.0	5.492114	0.0	control_rep3	0	3	FER
ENSG00000151422.13	ENST00000438717.6	FER-202	0.450145	5.492114	0.08196206415234644	control_rep3	0	3	FER
ENSG00000112242.15	ENST00000346618.8	E2F3-201	12.762225	22.595083000000002	0.5648231077531337	control_rep3	0	3	E2F3
ENSG00000112242.15	ENST00000535432.2	E2F3-202	9.832858	22.595083000000002	0.43517689224686623	control_rep3	0	3	E2F3
ENSG00000137331.12	ENST00000259874.6	IER3-201	69.133809	73.95621	0.934793832728854	control_rep3	0	3	IER3
ENSG00000137331.12	ENST00000376377.2	IER3-202	4.822401	73.95621	0.06520616727114599	control_rep3	0	3	IER3
ENSG00000120616.16	ENST00000319778.11	EPC1-202	3.361613	9.057244	0.37115186473942846	control_rep3	0	3	EPC1
ENSG00000120616.16	ENST00000469059.2	EPC1-205	0.991934	9.057244	0.10951830380190707	control_rep3	0	3	EPC1
ENSG00000108256.9	ENST00000225388.9	NUFIP2-201	18.204294	19.847204	0.9172220933487659	control_rep3	0	3	NUFIP2
ENSG00000108256.9	ENST00000579665.1	NUFIP2-202	1.64291	19.847204	0.08277790665123409	control_rep3	0	3	NUFIP2
ENSG00000178607.16	ENST00000433197.4	ERN1-201	0.768985	1.397462	0.5502725655509775	control_rep3	0	3	ERN1
ENSG00000178607.16	ENST00000606895.1	ERN1-208	0.628477	1.397462	0.4497274344490226	control_rep3	0	3	ERN1
ENSG00000159216.19	ENST00000344691.8	RUNX1-202	1.873942	2.222291	0.8432478014805442	control_rep3	0	3	RUNX1
ENSG00000159216.19	ENST00000358356.9	RUNX1-203	0.0	2.222291	0.0	control_rep3	0	3	RUNX1
ENSG00000067992.16	ENST00000379162.9	PDK3-201	1.957828	4.912968	0.3985020867223234	control_rep3	0	3	PDK3
ENSG00000067992.16	ENST00000568479.2	PDK3-203	2.720628	4.912968	0.5537646489861119	control_rep3	0	3	PDK3
ENSG00000169057.24	ENST00000303391.11	MECP2-201	6.418764	17.901754	0.3585550332107122	control_rep3	0	3	MECP2
ENSG00000169057.24	ENST00000628176.2	MECP2-216	3.253203	17.901754	0.18172537730101754	control_rep3	0	3	MECP2
ENSG00000213064.10	ENST00000271375.7	SFT2D2-201	1.307861	2.132356	0.6133408305179809	uv_12min_rep3	12	3	SFT2D2
ENSG00000213064.10	ENST00000630869.1	SFT2D2-204	0.642586	2.132356	0.30135024358034024	uv_12min_rep3	12	3	SFT2D2
ENSG00000158711.14	ENST00000357992.9	ELK4-202	1.074689	2.295387	0.46819512352383286	uv_12min_rep3	12	3	ELK4
ENSG00000158711.14	ENST00000289703.8	ELK4-201	1.114511	2.295387	0.4855438320422657	uv_12min_rep3	12	3	ELK4
ENSG00000138685.16	ENST00000264498.7	FGF2-201	3.125297	4.088611	0.7643908897178039	uv_12min_rep3	12	3	FGF2
ENSG00000138685.16	ENST00000608478.1	FGF2-202	0.963314	4.088611	0.23560911028219608	uv_12min_rep3	12	3	FGF2
ENSG00000151422.13	ENST00000281092.9	FER-201	0.855696	3.728759	0.22948546688053584	uv_12min_rep3	12	3	FER
ENSG00000151422.13	ENST00000628534.1	FER-210	1.201371	3.728759	0.32219057332479784	uv_12min_rep3	12	3	FER
ENSG00000151422.13	ENST00000438717.6	FER-202	0.744524	3.728759	0.19967072154569387	uv_12min_rep3	12	3	FER
ENSG00000112242.15	ENST00000346618.8	E2F3-201	8.565382	11.877464999999999	0.7211456316646692	uv_12min_rep3	12	3	E2F3
ENSG00000112242.15	ENST00000535432.2	E2F3-202	3.312083	11.877464999999999	0.27885436833533084	uv_12min_rep3	12	3	E2F3
ENSG00000137331.12	ENST00000259874.6	IER3-201	66.291739	78.37351100000001	0.8458436805261921	uv_12min_rep3	12	3	IER3
ENSG00000137331.12	ENST00000376377.2	IER3-202	12.081772	78.37351100000001	0.15415631947380792	uv_12min_rep3	12	3	IER3
ENSG00000120616.16	ENST00000319778.11	EPC1-202	3.062392	8.111352	0.37754396554359865	uv_12min_rep3	12	3	EPC1
ENSG00000120616.16	ENST00000469059.2	EPC1-205	1.567008	8.111352	0.19318702973314436	uv_12min_rep3	12	3	EPC1
ENSG00000108256.9	ENST00000225388.9	NUFIP2-201	7.550498	10.956773	0.6891169507664346	uv_12min_rep3	12	3	NUFIP2
ENSG00000108256.9	ENST00000579665.1	NUFIP2-202	3.406275	10.956773	0.3108830492335654	uv_12min_rep3	12	3	NUFIP2
ENSG00000178607.16	ENST00000433197.4	ERN1-201	0.413448	1.4692699999999999	0.2813968841669673	uv_12min_rep3	12	3	ERN1
ENSG00000178607.16	ENST00000606895.1	ERN1-208	0.484842	1.4692699999999999	0.329988361567309	uv_12min_rep3	12	3	ERN1
ENSG00000159216.19	ENST00000344691.8	RUNX1-202	0.797988	1.5460880000000001	0.516133622407004	uv_12min_rep3	12	3	RUNX1
ENSG00000159216.19	ENST00000358356.9	RUNX1-203	0.340196	1.5460880000000001	0.22003663439597226	uv_12min_rep3	12	3	RUNX1
ENSG00000067992.16	ENST00000379162.9	PDK3-201	2.992289	3.764145	0.794945200038787	uv_12min_rep3	12	3	PDK3
ENSG00000067992.16	ENST00000568479.2	PDK3-203	0.610908	3.764145	0.1622966171600722	uv_12min_rep3	12	3	PDK3
ENSG00000169057.24	ENST00000303391.11	MECP2-201	1.612596	10.677809	0.15102311719567188	uv_12min_rep3	12	3	MECP2
ENSG00000169057.24	ENST00000628176.2	MECP2-216	5.460162	10.677809	0.5113560281889291	uv_12min_rep3	12	3	MECP2
ENSG00000213064.10	ENST00000271375.7	SFT2D2-201	1.512708	2.498959	0.6053352616029314	uv_30min_rep3	30	3	SFT2D2
ENSG00000213064.10	ENST00000630869.1	SFT2D2-204	0.0	2.498959	0.0	uv_30min_rep3	30	3	SFT2D2
ENSG00000158711.14	ENST00000357992.9	ELK4-202	1.547365	3.346921	0.4623249249085951	uv_30min_rep3	30	3	ELK4
ENSG00000158711.14	ENST00000289703.8	ELK4-201	1.436536	3.346921	0.4292112063595167	uv_30min_rep3	30	3	ELK4
ENSG00000138685.16	ENST00000264498.7	FGF2-201	4.186236	4.186236	1.0	uv_30min_rep3	30	3	FGF2
ENSG00000138685.16	ENST00000608478.1	FGF2-202	0.0	4.186236	0.0	uv_30min_rep3	30	3	FGF2
ENSG00000151422.13	ENST00000281092.9	FER-201	1.170005	3.766907	0.31060097846854196	uv_30min_rep3	30	3	FER
ENSG00000151422.13	ENST00000628534.1	FER-210	0.0	3.766907	0.0	uv_30min_rep3	30	3	FER
ENSG00000151422.13	ENST00000438717.6	FER-202	1.344557	3.766907	0.35693926077813976	uv_30min_rep3	30	3	FER
ENSG00000112242.15	ENST00000346618.8	E2F3-201	10.655226	12.249909	0.8698208288730961	uv_30min_rep3	30	3	E2F3
ENSG00000112242.15	ENST00000535432.2	E2F3-202	1.594683	12.249909	0.1301791711269039	uv_30min_rep3	30	3	E2F3
ENSG00000137331.12	ENST00000259874.6	IER3-201	179.604812	210.563959	0.852970341424859	uv_30min_rep3	30	3	IER3
ENSG00000137331.12	ENST00000376377.2	IER3-202	30.959147	210.563959	0.14702965857514105	uv_30min_rep3	30	3	IER3
ENSG00000120616.16	ENST00000319778.11	EPC1-202	3.328399	16.088757	0.20687732433276232	uv_30min_rep3	30	3	EPC1
ENSG00000120616.16	ENST00000469059.2	EPC1-205	7.674354	16.088757	0.4770010511066827	uv_30min_rep3	30	3	EPC1
ENSG00000108256.9	ENST00000225388.9	NUFIP2-201	8.810379	10.534154	0.8363632238526226	uv_30min_rep3	30	3	NUFIP2
ENSG00000108256.9	ENST00000579665.1	NUFIP2-202	1.723775	10.534154	0.1636367761473774	uv_30min_rep3	30	3	NUFIP2
ENSG00000178607.16	ENST00000433197.4	ERN1-201	0.42732	1.516051	0.28186386869571006	uv_30min_rep3	30	3	ERN1
ENSG00000178607.16	ENST00000606895.1	ERN1-208	0.898738	1.516051	0.5928151493584319	uv_30min_rep3	30	3	ERN1
ENSG00000159216.19	ENST00000344691.8	RUNX1-202	0.900879	1.638195	0.5499217126166298	uv_30min_rep3	30	3	RUNX1
ENSG00000159216.19	ENST00000358356.9	RUNX1-203	0.554475	1.638195	0.33846703231300307	uv_30min_rep3	30	3	RUNX1
ENSG00000067992.16	ENST00000379162.9	PDK3-201	4.057153	4.911606	0.8260338878973598	uv_30min_rep3	30	3	PDK3
ENSG00000067992.16	ENST00000568479.2	PDK3-203	0.763415	4.911606	0.15543083056743556	uv_30min_rep3	30	3	PDK3
ENSG00000169057.24	ENST00000303391.11	MECP2-201	2.434139	12.007216	0.20272301256177952	uv_30min_rep3	30	3	MECP2
ENSG00000169057.24	ENST00000628176.2	MECP2-216	5.998035	12.007216	0.4995358624347226	uv_30min_rep3	30	3	MECP2
ENSG00000213064.10	ENST00000271375.7	SFT2D2-201	1.246635	2.470669	0.5045738623830226	uv_60min_rep3	60	3	SFT2D2
ENSG00000213064.10	ENST00000630869.1	SFT2D2-204	0.594816	2.470669	0.24075098687845276	uv_60min_rep3	60	3	SFT2D2
ENSG00000158711.14	ENST00000357992.9	ELK4-202	1.227417	2.8418539999999997	0.43190712823389243	uv_60min_rep3	60	3	ELK4
ENSG00000158711.14	ENST00000289703.8	ELK4-201	1.268448	2.8418539999999997	0.44634523800307835	uv_60min_rep3	60	3	ELK4
ENSG00000138685.16	ENST00000264498.7	FGF2-201	3.939708	4.44634	0.8860563969467022	uv_60min_rep3	60	3	FGF2
ENSG00000138685.16	ENST00000608478.1	FGF2-202	0.506632	4.44634	0.11394360305329776	uv_60min_rep3	60	3	FGF2
ENSG00000151422.13	ENST00000281092.9	FER-201	1.110641	5.89848	0.18829274660590525	uv_60min_rep3	60	3	FER
ENSG00000151422.13	ENST00000628534.1	FER-210	2.281584	5.89848	0.3868088049802661	uv_60min_rep3	60	3	FER
ENSG00000151422.13	ENST00000438717.6	FER-202	1.613003	5.89848	0.2734607898984145	uv_60min_rep3	60	3	FER
ENSG00000112242.15	ENST00000346618.8	E2F3-201	10.835222	11.512385	0.9411796078744761	uv_60min_rep3	60	3	E2F3
ENSG00000112242.15	ENST00000535432.2	E2F3-202	0.677163	11.512385	0.058820392125523945	uv_60min_rep3	60	3	E2F3
ENSG00000137331.12	ENST00000259874.6	IER3-201	509.067075	545.753049	0.9327791680372269	uv_60min_rep3	60	3	IER3
ENSG00000137331.12	ENST00000376377.2	IER3-202	36.685974	545.753049	0.06722083196277297	uv_60min_rep3	60	3	IER3
ENSG00000120616.16	ENST00000319778.11	EPC1-202	2.128929	33.701326	0.06317048177866948	uv_60min_rep3	60	3	EPC1
ENSG00000120616.16	ENST00000469059.2	EPC1-205	19.839953	33.701326	0.5886994772846623	uv_60min_rep3	60	3	EPC1
ENSG00000108256.9	ENST00000225388.9	NUFIP2-201	8.2728	18.105977	0.45690989224166145	uv_60min_rep3	60	3	NUFIP2
ENSG00000108256.9	ENST00000579665.1	NUFIP2-202	9.833177	18.105977	0.5430901077583385	uv_60min_rep3	60	3	NUFIP2
ENSG00000178607.16	ENST00000433197.4	ERN1-201	0.394934	5.162962	0.0764936871509029	uv_60min_rep3	60	3	ERN1
ENSG00000178607.16	ENST00000606895.1	ERN1-208	4.768028	5.162962	0.9235063128490971	uv_60min_rep3	60	3	ERN1
ENSG00000159216.19	ENST00000344691.8	RUNX1-202	0.781619	2.484644	0.3145798754268217	uv_60min_rep3	60	3	RUNX1
ENSG00000159216.19	ENST00000358356.9	RUNX1-203	1.536621	2.484644	0.6184471497727643	uv_60min_rep3	60	3	RUNX1
ENSG00000067992.16	ENST00000379162.9	PDK3-201	3.204536	4.178212	0.7669634762429479	uv_60min_rep3	60	3	PDK3
ENSG00000067992.16	ENST00000568479.2	PDK3-203	0.742768	4.178212	0.17777173585256084	uv_60min_rep3	60	3	PDK3
ENSG00000169057.24	ENST00000303391.11	MECP2-201	3.038248	11.520354	0.2637287013923357	uv_60min_rep3	60	3	MECP2
ENSG00000169057.24	ENST00000628176.2	MECP2-216	4.013046	11.520354	0.34834398317968357	uv_60min_rep3	60	3	MECP2
