sample_id	geo_accession	time_min	replicate	n_transcripts	n_nonzero_tpm	tpm_sum	estimated_assigned_fragments
control_rep1	GSM8289927	0	1	229580	90527	1000000.000105	37046686.113
uv_12min_rep1	GSM8289928	12	1	229580	84048	999999.9998679999	37850286.07
uv_30min_rep1	GSM8289929	30	1	229580	82810	1000000.0000440001	32740704.964999996
uv_60min_rep1	GSM8289930	60	1	229580	83191	999999.9999259999	33540338.020000003
control_rep2	GSM8289931	0	2	229580	85396	1000000.000031	30709858.986
uv_12min_rep2	GSM8289932	12	2	229580	82602	1000000.000116	37131741.066
uv_30min_rep2	GSM8289933	30	2	229580	83372	1000000.0000550001	34648241.051
uv_60min_rep2	GSM8289934	60	2	229580	84548	999999.999982	37182107.012
control_rep3	GSM8289935	0	3	229580	86581	1000000.000156	33001201.96
uv_12min_rep3	GSM8289936	12	3	229580	85572	999999.999789	45481853.919
uv_30min_rep3	GSM8289937	30	3	229580	85095	999999.999999	40013333.009
uv_60min_rep3	GSM8289938	60	3	229580	86991	1000000.000019	45271897.926
