sample_id	control_rep1	uv_12min_rep1	uv_30min_rep1	uv_60min_rep1	control_rep2	uv_12min_rep2	uv_30min_rep2	uv_60min_rep2	control_rep3	uv_12min_rep3	uv_30min_rep3	uv_60min_rep3
control_rep1	1.0	0.9227178257179154	0.9203383410082047	0.9151156447199305	0.9279217591690363	0.9211314765889023	0.9161930444008839	0.9045928623907226	0.9263849058276411	0.9174903241115477	0.9145517508128521	0.9078331844330936
uv_12min_rep1	0.9227178257179154	1.0	0.930934077014873	0.9266890397223061	0.9242788325912324	0.9355086573888579	0.9297415225323443	0.9221390819165808	0.9216364571294174	0.9363936111169386	0.9303835951310575	0.9260367442027461
uv_30min_rep1	0.9203383410082047	0.930934077014873	1.0	0.9285496127863229	0.9227262636549955	0.9287042385783258	0.931530801405643	0.9215157833897729	0.9187895390056647	0.931485581283231	0.9289486921469545	0.9258962427269736
uv_60min_rep1	0.9151156447199305	0.9266890397223061	0.9285496127863229	1.0	0.9197310897550519	0.9259684461356101	0.9286820307916496	0.9260996848619092	0.9147799938966165	0.9279244565799022	0.928236241786031	0.929844932163568
control_rep2	0.9279217591690363	0.9242788325912324	0.9227262636549955	0.9197310897550519	1.0	0.9223650775373482	0.9224311622807647	0.9122156698427868	0.9243039004403436	0.9233275199992043	0.9200923245341226	0.9156801755215902
uv_12min_rep2	0.9211314765889023	0.9355086573888579	0.9287042385783258	0.9259684461356101	0.9223650775373482	1.0	0.9275127606262155	0.9229749431907555	0.9188835570969153	0.9340650437375753	0.9313596829484481	0.9246170096179317
uv_30min_rep2	0.9161930444008839	0.9297415225323443	0.931530801405643	0.9286820307916496	0.9224311622807647	0.9275127606262155	1.0	0.9238087829670764	0.9188006950970143	0.9330683343695697	0.9296515497076767	0.9280361636132847
uv_60min_rep2	0.9045928623907226	0.9221390819165808	0.9215157833897729	0.9260996848619092	0.9122156698427868	0.9229749431907555	0.9238087829670764	1.0	0.9178355172684551	0.9340541299585626	0.9351169005422517	0.9380444028971913
control_rep3	0.9263849058276411	0.9216364571294174	0.9187895390056647	0.9147799938966165	0.9243039004403436	0.9188835570969153	0.9188006950970143	0.9178355172684551	1.0	0.9297409429165927	0.9267623052581733	0.9191774175925724
uv_12min_rep3	0.9174903241115477	0.9363936111169386	0.931485581283231	0.9279244565799022	0.9233275199992043	0.9340650437375753	0.9330683343695697	0.9340541299585626	0.9297409429165927	1.0	0.9420915926289372	0.9388184568405945
uv_30min_rep3	0.9145517508128521	0.9303835951310575	0.9289486921469545	0.928236241786031	0.9200923245341226	0.9313596829484481	0.9296515497076767	0.9351169005422517	0.9267623052581733	0.9420915926289372	1.0	0.9382496315819432
uv_60min_rep3	0.9078331844330936	0.9260367442027461	0.9258962427269736	0.929844932163568	0.9156801755215902	0.9246170096179317	0.9280361636132847	0.9380444028971913	0.9191774175925724	0.9388184568405945	0.9382496315819432	1.0
