gene_name,transcript_id,transcript_name,protein_id,time_min,control_mean_usage,uv_mean_usage,delta_usage,control_gene_mean_TPM,uv_gene_mean_TPM,permutation_pvalue,padj_BH
AL139260.3,ENST00000621281.1,AL139260.3-204,ENSP00000479064.1,60,0.0,0.9892119097373496,0.9892119097373496,0.1643986666666666,6.6693690000000005,0.1,0.7375047984644915
EGR2,ENST00000242480.4,EGR2-201,ENSP00000242480.3,30,0.0,0.9118485667935454,0.9118485667935454,0.0992766666666666,5.896341666666667,0.1,0.9310674111839444
CXCL8,ENST00000307407.8,CXCL8-201,ENSP00000306512.3,60,0.0,0.7788360277845281,0.7788360277845281,0.069385,2.1089670000000003,0.1,0.7375047984644915
EGR2,ENST00000242480.4,EGR2-201,ENSP00000242480.3,60,0.0,0.7511909869260937,0.7511909869260937,0.0992766666666666,16.566068666666666,0.1,0.7375047984644915
HDAC11,ENST00000295757.8,HDAC11-201,ENSP00000295757.3,30,0.691873826368414,0.0,-0.691873826368414,3.916781999999999,3.3149613333333328,0.1,0.9310674111839444
SAPCD1,ENST00000415669.3,SAPCD1-208,ENSP00000411948.2,60,0.0,0.6319472012611225,0.6319472012611225,2.9007996666666664,3.253926,0.1,0.7375047984644915
HDAC11,ENST00000437379.2,HDAC11-213,ENSP00000395188.2,30,0.0,0.6014342015192963,0.6014342015192963,3.916781999999999,3.3149613333333328,0.1,0.9310674111839444
SPAG1,ENST00000388798.7,SPAG1-202,ENSP00000373450.3,30,0.2360649241448404,0.7899700650535437,0.5539051409087034,3.290481,2.618988666666666,0.1,0.9310674111839444
SKIL,ENST00000259119.9,SKIL-201,ENSP00000259119.4,60,0.7143371009865581,0.1670208868219954,-0.5473162141645627,6.225443000000001,5.689329,0.1,0.7375047984644915
ZNF831,ENST00000637017.1,ZNF831-203,ENSP00000490240.1,60,0.465512685047071,1.0,0.534487314952929,10.764502,4.673803333333334,0.1,0.7375047984644915
ZNF831,ENST00000371030.3,ZNF831-201,ENSP00000360069.2,60,0.534487314952929,0.0,-0.534487314952929,10.764502,4.673803333333334,0.1,0.7375047984644915
RUNX1,ENST00000358356.9,RUNX1-203,ENSP00000351123.5,60,0.0486247912614913,0.569802384136116,0.5211775928746246,2.4668043333333336,2.3765336666666665,0.1,0.7375047984644915
ERN1,ENST00000606895.1,ERN1-208,ENSP00000475519.1,60,0.40419859949436,0.9161174206597674,0.5119188211654073,1.4402263333333334,4.745621666666667,0.1,0.7375047984644915
FER,ENST00000281092.9,FER-201,ENSP00000281092.4,60,0.7594171952475247,0.2487065206767156,-0.5107106745708091,4.442488666666667,5.541001333333333,0.1,0.7375047984644915
RNF38,ENST00000377885.6,RNF38-206,ENSP00000367117.2,60,0.0623953906472326,0.5696969752588047,0.507301584611572,4.2174966666666664,1.4172923333333334,0.1,0.7375047984644915
RNF38,ENST00000377885.6,RNF38-206,ENSP00000367117.2,30,0.0623953906472326,0.5529264176384384,0.4905310269912057,4.2174966666666664,1.9042,0.1,0.9310674111839444
FER,ENST00000281092.9,FER-201,ENSP00000281092.4,12,0.7594171952475247,0.2746160413011047,-0.48480115394642,4.442488666666667,3.943544,0.1,0.9495581068803172
AGO2,ENST00000220592.10,AGO2-201,ENSP00000220592.5,60,0.788191506036325,0.3113493581947673,-0.4768421478415577,7.124006333333333,4.735807666666667,0.1,0.7375047984644915
SLC7A2,ENST00000494857.6,SLC7A2-204,ENSP00000419140.2,12,0.517731343676772,0.9898770299285412,0.4721456862517693,3.498006,1.4038716666666666,0.1,0.9495581068803172
FNIP1,ENST00000510461.6,FNIP1-203,ENSP00000421985.1,60,0.6713258439627682,0.2045514895696427,-0.4667743543931254,6.76635,10.726848666666667,0.1,0.7375047984644915
EPC1,ENST00000469059.2,EPC1-205,ENSP00000499314.1,60,0.1136398330162486,0.5793587765730768,0.4657189435568281,8.430546666666666,30.189894,0.1,0.7375047984644915
ATRIP,ENST00000320211.10,ATRIP-201,ENSP00000323099.3,60,0.8399730094547148,0.3785298421535831,-0.4614431673011316,8.720838333333333,10.720894333333334,0.1,0.7375047984644915
AGO2,ENST00000220592.10,AGO2-201,ENSP00000220592.5,30,0.788191506036325,0.3277708411889208,-0.4604206648474042,7.124006333333333,4.575686666666667,0.1,0.9310674111839444
RSBN1,ENST00000612242.4,RSBN1-204,ENSP00000479490.1,12,0.7557324991013327,0.2976702244903066,-0.458062274611026,2.8885843333333336,2.207129666666667,0.1,0.9495581068803172
EVA1A,ENST00000410113.5,EVA1A-205,ENSP00000386435.1,60,0.5211652520100061,0.0647566363272215,-0.4564086156827844,2.2762716666666667,1.846421,0.1,0.7375047984644915
HOOK3,ENST00000307602.9,HOOK3-201,ENSP00000305699.3,60,0.6892094575218962,0.232910669927536,-0.4562987875943601,3.4474416666666667,2.617853,0.1,0.7375047984644915
FAM219A,ENST00000297620.8,FAM219A-201,ENSP00000297620.4,12,0.5504966610346593,0.0973921222249666,-0.4531045388096927,4.6778743333333335,2.778021666666667,0.1,0.9495581068803172
SKIL,ENST00000259119.9,SKIL-201,ENSP00000259119.4,30,0.7143371009865581,0.261849455965239,-0.4524876450213191,6.225443000000001,6.1440600000000005,0.1,0.9310674111839444
FER,ENST00000281092.9,FER-201,ENSP00000281092.4,30,0.7594171952475247,0.3124611388876134,-0.4469560563599112,4.442488666666667,4.213892666666667,0.1,0.9310674111839444
AGO2,ENST00000220592.10,AGO2-201,ENSP00000220592.5,12,0.788191506036325,0.3448346714322697,-0.4433568346040553,7.124006333333333,3.5540966666666662,0.1,0.9495581068803172
TRIM66,ENST00000646038.1,TRIM66-210,ENSP00000495413.1,12,0.4442276570619521,0.8874779701148153,0.4432503130528632,2.778373,0.6675506666666666,0.1,0.9495581068803172
CREB5,ENST00000357727.7,CREB5-201,ENSP00000350359.2,60,0.4457934501211149,0.0041175550318852,-0.4416758950892296,0.147734,3.27359,0.1,0.7375047984644915
VPS33B,ENST00000333371.8,VPS33B-201,ENSP00000327650.4,60,0.4025762785732603,0.8428411031769558,0.4402648246036955,11.519723666666666,8.752598333333333,0.1,0.7375047984644915
SLC2A5,ENST00000464985.5,SLC2A5-203,ENSP00000467840.1,12,0.0,0.4320932440536101,0.4320932440536101,1.5551113333333333,2.570360333333334,0.1,0.9495581068803172
PHC3,ENST00000495893.7,PHC3-215,ENSP00000420294.1,12,0.7052703201114644,0.2743485243015058,-0.4309217958099586,4.820275666666667,2.9264126666666663,0.1,0.9495581068803172
RUNX1,ENST00000344691.8,RUNX1-202,ENSP00000340690.4,60,0.758873145491863,0.3279960348463052,-0.4308771106455578,2.4668043333333336,2.3765336666666665,0.1,0.7375047984644915
DHRSX,ENST00000334651.11,DHRSX-201,ENSP00000334113.5,60,0.9101552985131666,0.4796104285825378,-0.4305448699306288,6.786279,11.196244333333333,0.1,0.7375047984644915
MAMLD1,ENST00000262858.7,MAMLD1-201,ENSP00000262858.5,60,0.2537315881551376,0.6840141271573114,0.4302825390021738,5.0499323333333335,2.698036,0.1,0.7375047984644915
NPIPB3,ENST00000504841.6,NPIPB3-203,ENSP00000446048.1,12,0.4258239494019644,0.0,-0.4258239494019644,8.228099666666667,3.864476,0.1,0.9495581068803172
PHC3,ENST00000495893.7,PHC3-215,ENSP00000420294.1,30,0.7052703201114644,0.2808052481677429,-0.4244650719437214,4.820275666666667,4.231597333333333,0.1,0.9310674111839444
