transcript_id,gene_id,gene_name,gene_type,transcript_name,transcript_type,protein_id,Length,EffectiveLength,time_min,control_mean_TPM,uv_mean_TPM,max_mean_TPM,log2FC,direction,permutation_pvalue,control_rep1_TPM,uv_rep1_TPM,control_rep2_TPM,uv_rep2_TPM,control_rep3_TPM,uv_rep3_TPM,padj_BH,candidate_DTE
ENST00000239938.5,ENSG00000120738.8,EGR1,protein_coding,EGR1-201,protein_coding,ENSP00000239938.4,3137,2869.641,60,0.4575623333333333,265.60185099999995,265.60185099999995,8.896459461166497,up,0.1,0.420203,293.143595,0.556785,226.113624,0.395699,277.548334,0.2565921636051036,True
ENST00000371222.4,ENSG00000177606.7,JUN,protein_coding,JUN-201,protein_coding,ENSP00000360266.2,3257,2989.641,60,1.0792266666666668,245.51461733333335,245.51461733333335,7.702411557989139,up,0.1,1.094771,251.765717,1.103761,231.095517,1.039148,253.682618,0.2565921636051036,True
ENST00000548232.1,ENSG00000123358.20,NR4A1,protein_coding,NR4A1-209,protein_coding,ENSP00000449587.1,1101,833.641,60,0.0,16.707365666666664,16.707365666666664,7.392949808610389,up,0.1,0.0,22.030377,0.0,17.125891,0.0,10.965829,0.2565921636051036,True
ENST00000239938.5,ENSG00000120738.8,EGR1,protein_coding,EGR1-201,protein_coding,ENSP00000239938.4,3137,2869.641,30,0.4575623333333333,90.95676033333332,90.95676033333332,7.35148921923132,up,0.1,0.420203,86.942008,0.556785,102.095918,0.395699,83.832355,0.2928065054211843,True
ENST00000242480.4,ENSG00000122877.16,EGR2,protein_coding,EGR2-201,protein_coding,ENSP00000242480.3,2979,2711.641,60,0.0,12.469126666666668,12.469126666666668,6.973740601073293,up,0.1,0.0,13.994476,0.0,12.665908,0.0,10.746996,0.2565921636051036,True
ENST00000356613.4,ENSG00000198576.4,ARC,protein_coding,ARC-201,protein_coding,ENSP00000349022.2,2950,2682.641,60,0.1182356666666666,19.226445666666667,19.226445666666667,6.468545621870388,up,0.1,0.139129,18.869407,0.103577,20.796469,0.112001,18.013461,0.2565921636051036,True
ENST00000243050.5,ENSG00000123358.20,NR4A1,protein_coding,NR4A1-201,protein_coding,ENSP00000243050.1,2678,2410.641,60,0.3017183333333333,35.163843,35.163843,6.455861592144744,up,0.1,0.048689,43.274388,0.792588,30.126683,0.063878,32.090458,0.2565921636051036,True
ENST00000371222.4,ENSG00000177606.7,JUN,protein_coding,JUN-201,protein_coding,ENSP00000360266.2,3257,2989.641,30,1.0792266666666668,88.39170066666667,88.39170066666667,6.229629196430529,up,0.1,1.094771,83.670114,1.103761,98.805807,1.039148,82.699181,0.2928065054211843,True
ENST00000621281.1,ENSG00000274944.4,AL139260.3,protein_coding,AL139260.3-204,protein_coding,ENSP00000479064.1,609,341.8,60,0.0,6.599038666666666,6.599038666666666,6.0658821739889754,up,0.1,0.0,3.012385,0.0,9.641917,0.0,7.142814,0.2565921636051036,True
ENST00000467606.5,ENSG00000119185.13,ITGB1BP1,protein_coding,ITGB1BP1-211,protein_coding,ENSP00000419814.1,445,178.468,60,0.0,6.135391666666666,6.135391666666666,5.96240827848854,up,0.1,0.0,0.360493,0.0,9.687933,0.0,8.357749,0.2565921636051036,True
ENST00000353609.8,ENSG00000125740.14,FOSB,protein_coding,FOSB-201,protein_coding,ENSP00000245919.3,3775,3507.641,60,0.0609173333333333,9.593953333333332,9.593953333333332,5.912693496849563,up,0.1,0.182752,13.133399,0.0,8.268859,0.0,7.379602,0.2565921636051036,True
ENST00000675051.1,ENSG00000106105.15,GARS1,protein_coding,GARS1-219,protein_coding,ENSP00000502296.1,2078,1810.641,60,0.0,5.6543323333333335,5.6543323333333335,5.846576639184325,up,0.1,0.0,7.155869,0.0,7.480996,0.0,2.326132,0.2565921636051036,True
ENST00000242480.4,ENSG00000122877.16,EGR2,protein_coding,EGR2-201,protein_coding,ENSP00000242480.3,2979,2711.641,30,0.0,5.389167333333334,5.389167333333334,5.778515414394863,up,0.1,0.0,4.416438,0.0,6.054145,0.0,5.696919,0.2928065054211843,True
ENST00000607355.2,ENSG00000272196.2,H2AC19,protein_coding,H2AC19-201,protein_coding,ENSP00000475814.1,564,296.847,60,0.8489196666666666,46.755136,46.755136,5.6257774293444935,up,0.1,0.0,30.48221,1.290766,61.371137,1.255993,48.412061,0.2565921636051036,True
ENST00000592436.5,ENSG00000125740.14,FOSB,protein_coding,FOSB-211,protein_coding,ENSP00000465552.1,1057,789.641,60,0.0,4.337710333333333,4.337710333333333,5.47174359516176,up,0.1,0.0,6.139819,0.0,3.912662,0.0,2.96065,0.2565921636051036,True
ENST00000578778.5,ENSG00000173933.21,RBM4,protein_coding,RBM4-213,protein_coding,ENSP00000464349.1,582,314.823,30,0.0,4.088367333333333,4.088367333333333,5.388316071716377,up,0.1,0.0,2.804254,0.0,2.176466,0.0,7.284382,0.2928065054211843,True
ENST00000507878.6,ENSG00000145907.15,G3BP1,protein_coding,G3BP1-203,protein_coding,ENSP00000429250.1,577,309.829,12,0.0,4.088265666666666,4.088265666666666,5.388281051918845,up,0.1,0.0,5.496186,0.0,4.489017,0.0,2.279594,0.2721940763834762,True
ENST00000491606.5,ENSG00000016864.18,GLT8D1,protein_coding,GLT8D1-213,protein_coding,ENSP00000418853.1,1577,1309.641,60,0.0,3.8019653333333334,3.8019653333333334,5.286129055394462,up,0.1,0.0,3.564236,0.0,3.304303,0.0,4.537357,0.2565921636051036,True
ENST00000550919.5,ENSG00000139624.14,CERS5,protein_coding,CERS5-223,protein_coding,ENSP00000449311.1,1077,809.641,30,0.0,3.571114,3.571114,5.198146010382032,up,0.1,0.0,4.996489,0.0,1.738165,0.0,3.978688,0.2928065054211843,True
ENST00000613624.1,ENSG00000117868.17,ESYT2,protein_coding,ESYT2-206,protein_coding,ENSP00000481296.1,2766,2498.641,30,0.0,3.514429,3.514429,5.175695846092978,up,0.1,0.0,3.225423,0.0,3.155427,0.0,4.162437,0.2928065054211843,True
ENST00000507878.6,ENSG00000145907.15,G3BP1,protein_coding,G3BP1-203,protein_coding,ENSP00000429250.1,577,309.829,30,0.0,3.4291590000000003,3.4291590000000003,5.1412525245357665,up,0.1,0.0,2.02066,0.0,6.42401,0.0,1.842807,0.2928065054211843,True
ENST00000491606.5,ENSG00000016864.18,GLT8D1,protein_coding,GLT8D1-213,protein_coding,ENSP00000418853.1,1577,1309.641,30,0.0,3.3138729999999996,3.3138729999999996,5.093337484337316,up,0.1,0.0,2.326553,0.0,1.953456,0.0,5.66161,0.2928065054211843,True
ENST00000502929.5,ENSG00000280987.4,MATR3,protein_coding,MATR3-231,protein_coding,ENSP00000422319.1,4373,4105.641,60,0.0,3.1916849999999997,3.1916849999999997,5.040754377584451,up,0.1,0.0,3.567693,0.0,3.567441,0.0,2.439921,0.2565921636051036,True
ENST00000648859.1,ENSG00000128422.17,KRT17,protein_coding,KRT17-208,protein_coding,ENSP00000497161.1,550,282.867,60,0.0752263333333333,5.627752666666667,5.627752666666667,5.030677688925375,up,0.1,0.0,5.918547,0.0,7.253326,0.225679,3.711385,0.2565921636051036,True
ENST00000575014.5,ENSG00000132361.17,CLUH,protein_coding,CLUH-211,protein_coding,ENSP00000464732.2,4959,4691.641,12,0.0,3.138919,3.138919,5.0174404840579685,up,0.1,0.0,1.174634,0.0,4.681692,0.0,3.560431,0.2721940763834762,True
ENST00000414186.5,ENSG00000127948.16,POR,protein_coding,POR-204,protein_coding,ENSP00000399327.1,548,280.871,12,19.09751533333333,0.0,19.09751533333333,-7.584775789875303,down,0.1,11.69192,0.0,25.608565,0.0,19.992061,0.0,0.2721940763834762,True
ENST00000323963.10,ENSG00000156976.17,EIF4A2,protein_coding,EIF4A2-201,protein_coding,ENSP00000326381.5,1886,1618.641,30,14.441833333333332,0.0,14.441833333333332,-7.184065355467816,down,0.1,11.664414,0.0,24.887792,0.0,6.773294,0.0,0.2928065054211843,True
ENST00000323963.10,ENSG00000156976.17,EIF4A2,protein_coding,EIF4A2-201,protein_coding,ENSP00000326381.5,1886,1618.641,60,14.441833333333332,0.0,14.441833333333332,-7.184065355467816,down,0.1,11.664414,0.0,24.887792,0.0,6.773294,0.0,0.2565921636051036,True
ENST00000371030.3,ENSG00000124203.6,ZNF831,protein_coding,ZNF831-201,protein_coding,ENSP00000360069.2,9401,9133.641,60,5.775079666666667,0.0,5.775079666666667,-5.876536509786388,down,0.1,7.023053,0.0,5.075748,0.0,5.226438,0.0,0.2565921636051036,True
ENST00000604348.5,ENSG00000141510.18,TP53,protein_coding,TP53-218,protein_coding,ENSP00000473895.1,568,300.84,30,4.642474666666666,0.0,4.642474666666666,-5.567568161961754,down,0.1,4.533731,0.0,5.129534,0.0,4.264159,0.0,0.2928065054211843,True
ENST00000372818.5,ENSG00000043514.17,TRIT1,protein_coding,TRIT1-202,protein_coding,ENSP00000361905.1,2034,1766.641,60,3.922776333333333,0.0,3.922776333333333,-5.330119621128002,down,0.1,4.167658,0.0,5.191247,0.0,2.409424,0.0,0.2565921636051036,True
ENST00000423854.6,ENSG00000134759.14,ELP2,protein_coding,ELP2-204,protein_coding,ENSP00000391202.2,2385,2117.641,60,3.827428666666666,0.0,3.827428666666666,-5.295513167178104,down,0.1,2.693485,0.0,3.557961,0.0,5.23084,0.0,0.2565921636051036,True
ENST00000551156.5,ENSG00000065357.20,DGKA,protein_coding,DGKA-229,protein_coding,ENSP00000450359.1,2671,2403.641,12,3.779246666666667,0.0,3.779246666666667,-5.277704609210531,down,0.1,5.111886,0.0,3.118441,0.0,3.107413,0.0,0.2721940763834762,True
ENST00000381261.8_PAR_Y,ENSG00000197976.12_PAR_Y,AKAP17A,protein_coding,AKAP17A-202,protein_coding,ENSP00000370660.3,2187,1919.641,30,3.2446663333333334,1.3333333333333332e-06,3.2446663333333334,-5.0637711526821185,down,0.1,3.292342,0.0,3.950717,0.0,2.49094,4e-06,0.2928065054211843,True
ENST00000504841.6,ENSG00000169246.16,NPIPB3,protein_coding,NPIPB3-203,protein_coding,ENSP00000446048.1,1254,986.641,12,3.237114333333333,0.0,3.237114333333333,-5.0605292106276485,down,0.1,2.827469,0.0,2.968462,0.0,3.915412,0.0,0.2721940763834762,True
ENST00000262640.11,ENSG00000124333.16,VAMP7,protein_coding,VAMP7-201,protein_coding,ENSP00000262640.6,2496,2228.641,60,3.2153113333333336,0.0,3.2153113333333336,-5.051072451791033,down,0.1,3.69118,0.0,3.781048,0.0,2.173706,0.0,0.2565921636051036,True
ENST00000547087.5,ENSG00000139620.13,KANSL2,protein_coding,KANSL2-203,protein_coding,ENSP00000447608.1,831,563.718,60,3.162479,0.0,3.162479,-5.027896710227091,down,0.1,3.119561,0.0,4.102947,0.0,2.264929,0.0,0.2565921636051036,True
ENST00000295757.8,ENSG00000163517.15,HDAC11,protein_coding,HDAC11-201,protein_coding,ENSP00000295757.3,2819,2551.641,30,2.679911666666667,0.0,2.679911666666667,-4.796967136078363,down,0.1,2.444485,0.0,3.063159,0.0,2.532091,0.0,0.2928065054211843,True
ENST00000392221.5,ENSG00000114942.14,EEF1B2,protein_coding,EEF1B2-202,protein_coding,ENSP00000376055.1,880,612.708,30,7.047018,0.1696116666666667,7.047018,-4.728386590305979,down,0.1,0.576263,0.0,2.340142,0.508835,18.224649,0.0,0.2928065054211843,True
ENST00000407218.5,ENSG00000169057.24,MECP2,protein_coding,MECP2-203,protein_coding,ENSP00000384865.2,1174,906.641,12,2.483911,0.0,2.483911,-4.691484473715675,down,0.1,2.26151,0.0,2.538269,0.0,2.651954,0.0,0.2721940763834762,True
ENST00000343619.9,ENSG00000033627.17,ATP6V0A1,protein_coding,ATP6V0A1-202,protein_coding,ENSP00000342951.3,4106,3838.641,60,2.438061,0.0,2.438061,-4.665654838353195,down,0.1,2.705799,0.0,2.298405,0.0,2.309979,0.0,0.2565921636051036,True
ENST00000541951.5,ENSG00000175575.13,PAAF1,protein_coding,PAAF1-210,protein_coding,ENSP00000441333.1,1383,1115.641,30,2.390321,0.0,2.390321,-4.638259811180695,down,0.1,1.711095,0.0,3.479266,0.0,1.980602,0.0,0.2928065054211843,True
ENST00000270328.8,ENSG00000142303.14,ADAMTS10,protein_coding,ADAMTS10-201,protein_coding,ENSP00000270328.4,4194,3926.641,12,2.29416,0.0,2.29416,-4.581447664668037,down,0.1,2.67685,0.0,2.567129,0.0,1.638501,0.0,0.2721940763834762,True
ENST00000546670.5,ENSG00000175203.16,DCTN2,protein_coding,DCTN2-204,protein_coding,ENSP00000448606.1,580,312.825,12,2.086527,0.0,2.086527,-4.4505692583193355,down,0.1,2.127671,0.0,0.0,0.0,4.13191,0.0,0.2721940763834762,True
ENST00000524698.5,ENSG00000198431.16,TXNRD1,protein_coding,TXNRD1-206,protein_coding,ENSP00000433425.1,1933,1665.641,12,5.337174,0.1522993333333333,5.337174,-4.429648698577606,down,0.1,3.141383,0.0,7.910854,0.0,4.959285,0.456898,0.2721940763834762,True
ENST00000533461.5,ENSG00000143442.22,POGZ,protein_coding,POGZ-220,protein_coding,ENSP00000433934.1,550,282.867,12,2.024368666666667,0.0,2.024368666666667,-4.408962250585896,down,0.1,0.470648,0.0,2.863551,0.0,2.738907,0.0,0.2721940763834762,True
ENST00000533461.5,ENSG00000143442.22,POGZ,protein_coding,POGZ-220,protein_coding,ENSP00000433934.1,550,282.867,60,2.024368666666667,0.0,2.024368666666667,-4.408962250585896,down,0.1,0.470648,0.0,2.863551,0.0,2.738907,0.0,0.2565921636051036,True
ENST00000354667.8,ENSG00000122566.21,HNRNPA2B1,protein_coding,HNRNPA2B1-201,protein_coding,ENSP00000346694.4,3664,3396.641,60,36.46207833333333,1.6399476666666668,36.46207833333333,-4.3932322620951805,down,0.1,38.761017,4.919843,27.658136,0.0,42.967082,0.0,0.2565921636051036,True
ENST00000494920.1,ENSG00000004487.17,KDM1A,protein_coding,KDM1A-205,protein_coding,ENSP00000473294.1,905,637.707,60,2.679362,0.0907843333333333,2.679362,-3.864739140320517,down,0.1,1.806764,0.272353,0.614215,0.0,5.617107,0.0,0.2565921636051036,True
ENST00000536620.1,ENSG00000243716.10,NPIPB5,protein_coding,NPIPB5-212,protein_coding,ENSP00000444299.1,543,275.881,30,4.436179666666667,0.2227169999999999,4.436179666666667,-3.81313630008992,down,0.1,7.783188,0.105437,3.000205,0.398591,2.525146,0.164123,0.2928065054211843,True
